time,lon,lat,ID,Depth,PP_8D,PP_M
14/11/2010 18:05,-79.078,8.475,101502,-0.7,NaN,NaN
15/11/2010 09:00,-79.019,8.438,101502,-1.4816,NaN,NaN
15/11/2010 10:43,-79.017,8.466,101502,5.5072,NaN,NaN
15/11/2010 13:42,-79.016,8.455,101502,-0.16,NaN,NaN
15/11/2010 17:55,-79.005,8.45,101502,-1.6,NaN,NaN
15/11/2010 19:36,-78.994,8.439,101502,-1.3672,NaN,NaN
15/11/2010 22:52,-79.017,8.469,101502,4.8996,NaN,NaN
16/11/2010 02:25,-79.012,8.468,101502,7.288,NaN,NaN
16/11/2010 02:41,-79.028,8.462,101502,0.4336,NaN,NaN
16/11/2010 07:51,-79.012,8.464,101502,6.296,NaN,NaN
16/11/2010 08:19,-79.013,8.466,101502,7.136,NaN,NaN
16/11/2010 08:40,-79.013,8.463,101502,5.318,NaN,NaN
16/11/2010 13:41,-78.993,8.43,101502,-2.428,NaN,NaN
16/11/2010 15:15,-79.049,8.453,101502,-11.0204,NaN,NaN
16/11/2010 17:47,-79.036,8.462,101502,-1.5824,NaN,NaN
16/11/2010 19:27,-79.047,8.453,101502,-9.7412,NaN,NaN
17/11/2010 02:00,-79.059,8.451,101502,-10.682,NaN,NaN
17/11/2010 06:28,-79.048,8.452,101502,-11.0672,NaN,NaN
17/11/2010 08:16,-79.029,8.447,101502,-1.4264,NaN,NaN
17/11/2010 12:52,-79.055,8.465,101502,-2.15,NaN,NaN
17/11/2010 14:38,-79.019,8.468,101502,4.5384,NaN,NaN
17/11/2010 14:55,-79.033,8.47,101502,-0.888,NaN,NaN
17/11/2010 18:51,-79.013,8.498,101502,-0.9472,NaN,NaN
17/11/2010 20:54,-79.116,8.462,101502,-15.0448,NaN,NaN
18/11/2010 01:37,-79.034,8.466,101502,-1.0208,NaN,NaN
18/11/2010 09:31,-78.981,8.451,101502,-0.2436,NaN,NaN
18/11/2010 18:35,-78.986,8.445,101502,-2.764,NaN,NaN
18/11/2010 22:17,-78.982,8.445,101502,-1.14,NaN,NaN
19/11/2010 03:16,-78.971,8.473,101502,0.1752,NaN,NaN
19/11/2010 07:17,-78.991,8.457,101502,1.4456,NaN,NaN
19/11/2010 07:47,-79.005,8.461,101502,6.65,NaN,NaN
19/11/2010 09:08,-78.997,8.461,101502,6.7496,NaN,NaN
19/11/2010 14:14,-78.997,8.455,101502,2.228,NaN,NaN
19/11/2010 15:28,-79.03,8.409,101502,-2.124,NaN,NaN
19/11/2010 18:23,-78.992,8.456,101502,1.2176,NaN,NaN
20/11/2010 01:27,-79.012,8.472,101502,5.272,NaN,NaN
20/11/2010 02:56,-78.988,8.46,101502,1.784,NaN,NaN
20/11/2010 05:56,-78.992,8.449,101502,-2.3536,NaN,NaN
20/11/2010 07:07,-78.991,8.453,101502,-0.8776,NaN,NaN
20/11/2010 08:50,-78.969,8.453,101502,14.9508,NaN,NaN
20/11/2010 12:19,-78.994,8.461,101502,5.2592,NaN,NaN
20/11/2010 13:24,-79.02,8.485,101502,-0.78,NaN,NaN
20/11/2010 13:52,-79.023,8.484,101502,-0.8328,NaN,NaN
20/11/2010 15:02,-79.015,8.51,101502,-0.46,NaN,NaN
20/11/2010 17:04,-78.982,8.504,101502,-1.4992,NaN,NaN
20/11/2010 18:14,-78.993,8.514,101502,-1.7056,NaN,NaN
20/11/2010 19:51,-79.05,8.481,101502,2.44,NaN,NaN
21/11/2010 02:07,-78.988,8.51,101502,-1.864,NaN,NaN
21/11/2010 06:55,-79.009,8.51,101502,-0.676,NaN,NaN
21/11/2010 07:27,-79.018,8.505,101502,0.108,NaN,NaN
21/11/2010 08:35,-79.021,8.51,101502,1.992,NaN,NaN
21/11/2010 12:12,-78.937,8.52,101502,-9.396,NaN,NaN
21/11/2010 13:48,-79.015,8.519,101502,-0.24,NaN,NaN
21/11/2010 15:12,-79.015,8.51,101502,-0.46,NaN,NaN
22/11/2010 02:13,-78.982,8.526,101502,-4.2896,NaN,NaN
22/11/2010 06:41,-79.006,8.518,101502,-0.72,NaN,NaN
22/11/2010 08:24,-79.008,8.525,101502,-1.02,NaN,NaN
22/11/2010 09:37,-78.999,8.512,101502,-1.0864,NaN,NaN
22/11/2010 12:02,-79,8.486,101502,0.68,NaN,NaN
22/11/2010 13:12,-79.043,8.515,101502,10.984,NaN,NaN
22/11/2010 14:22,-79.133,8.484,101502,-47.2856,1101.179741,1283.18254
22/11/2010 19:31,-79.029,8.52,101502,4.684,NaN,NaN
22/11/2010 22:21,-79.097,8.516,101502,-12.6,NaN,NaN
23/11/2010 01:22,-79.057,8.502,101502,3.7048,NaN,NaN
23/11/2010 03:41,-79.082,8.506,101502,-6.0352,NaN,NaN
23/11/2010 05:26,-79.059,8.51,101502,4.708,NaN,NaN
23/11/2010 06:30,-79.059,8.51,101502,4.708,NaN,NaN
23/11/2010 08:16,-79.063,8.499,101502,3.2692,NaN,NaN
23/11/2010 09:08,-79.079,8.501,101502,-4.6624,NaN,NaN
23/11/2010 11:44,-79.077,8.487,101502,1.7552,NaN,NaN
23/11/2010 13:32,-79.132,8.437,101502,-17.832,1058.415874,1287.283731
23/11/2010 16:16,-79.157,8.438,101502,-50.528,992.9815416,1233.648244
23/11/2010 18:16,-79.068,8.47,101502,2.576,NaN,NaN
24/11/2010 02:35,-79.055,8.491,101502,5.938,NaN,NaN
24/11/2010 03:15,-79.059,8.483,101502,11.9164,NaN,NaN
24/11/2010 06:23,-79.066,8.496,101502,6.2176,NaN,NaN
24/11/2010 06:55,-79.062,8.489,101502,10.9288,NaN,NaN
24/11/2010 08:04,-79.069,8.488,101502,11.8856,NaN,NaN
24/11/2010 08:48,-79.049,8.481,101502,2.2336,NaN,NaN
24/11/2010 10:25,-79.061,8.475,101502,6.61,NaN,NaN
24/11/2010 13:16,-79.069,8.466,101502,-1.6784,NaN,NaN
24/11/2010 15:14,-79.044,8.428,101502,-3.816,NaN,NaN
24/11/2010 21:24,-78.979,8.435,101502,4.29,NaN,NaN
25/11/2010 06:47,-79.064,8.492,101502,9.5008,NaN,NaN
25/11/2010 07:54,-79.073,8.489,101502,5.9456,NaN,NaN
25/11/2010 08:28,-79.086,8.503,101502,-8.1,NaN,NaN
25/11/2010 10:01,-79.059,8.499,101502,3.4756,NaN,NaN
25/11/2010 11:20,-79.084,8.5,101502,-7.32,NaN,NaN
25/11/2010 22:43,-79.096,8.489,101502,-14.5848,NaN,NaN
26/11/2010 06:38,-79.134,8.457,101502,-31.7528,917.5576312,1311.771428
26/11/2010 11:15,-79.139,8.513,101502,-44.8712,933.4135508,1292.911863
26/11/2010 17:39,-79.232,8.422,101502,-78.6256,766.8907457,1118.277202
26/11/2010 19:29,-79.17,8.465,101502,-53.24,853.4807563,1235.916523
26/11/2010 20:42,-79.208,8.464,101502,-74.2864,809.0820488,1153.352428
27/11/2010 01:41,-79.23,8.462,101502,-74.704,778.926806,1125.940064
27/11/2010 02:18,-79.242,8.456,101502,-74.9056,762.8648131,1107.365279
27/11/2010 06:22,-79.241,8.467,101502,-73.02,761.3423498,1118.859847
27/11/2010 08:00,-79.227,8.484,101502,-71.6648,775.609167,1152.205607
27/11/2010 20:14,-79.356,8.522,101502,-70.6752,682.9381088,1087.721749
28/11/2010 01:59,-79.256,8.712,101502,-47.0992,761.392318,1224.833311
28/11/2010 08:59,-79.376,8.536,101502,-61.6304,650.1722632,1089.14042
28/11/2010 10:32,-79.406,8.518,101502,-61.76,721.2900891,1056.870486
28/11/2010 15:21,-79.357,8.442,101502,-76.8416,743.5188088,1026.652254
28/11/2010 17:26,-79.344,8.45,101502,-77,734.4493018,1038.394614
28/11/2010 20:12,-79.327,8.44,101502,-76.62,705.8822161,1035.050937
29/11/2010 07:41,-79.297,8.465,101502,-72.74,670.3435958,1071.983068
29/11/2010 08:26,-79.3,8.475,101502,-73,674.643952,1083.421186
29/11/2010 10:07,-79.302,8.474,101502,-73.24,677.9259985,1082.115189
29/11/2010 13:17,-79.26,8.507,101502,-69.2,709.8598357,1164.651908
29/11/2010 14:11,-79.279,8.5,101502,-71.48,688.0106432,1135.407515
29/11/2010 15:49,-79.27,8.503,101502,-70.4,699.4439289,1150.020291
30/11/2010 06:56,-79.16,8.598,101502,-63.472,806.5101106,1288.138383
30/11/2010 11:21,-79.105,8.632,101502,-37.276,786.0471719,1290.83166
30/11/2010 12:49,-79.059,8.623,101502,11.4592,NaN,NaN
30/11/2010 13:44,-79.062,8.636,101502,6.5232,761.1525825,1287.219455
30/11/2010 15:24,-79.086,8.631,101502,-20.9128,771.584942,1288.340442
30/11/2010 22:24,-79.08,8.59,101502,-18.72,NaN,NaN
01/12/2010 03:15,-79.042,8.558,101502,-1.8096,NaN,NaN
01/12/2010 04:11,-79.041,8.555,101502,-1.758,NaN,NaN
01/12/2010 06:48,-79.046,8.524,101502,6.3648,NaN,NaN
01/12/2010 07:19,-79.009,8.503,101502,-0.9028,NaN,NaN
01/12/2010 08:28,-79.07,8.511,101502,-1.252,NaN,NaN
01/12/2010 09:15,-79.083,8.49,101502,-6.604,NaN,NaN
01/12/2010 11:49,-79.087,8.466,101502,-5.1472,NaN,NaN
01/12/2010 13:24,-79.083,8.468,101502,-4.1416,NaN,NaN
01/12/2010 19:36,-79.088,8.461,101502,-4.0888,NaN,NaN
02/12/2010 03:48,-79.138,8.476,101502,-42.6256,782.5398659,1339.201715
02/12/2010 08:49,-79.086,8.439,101502,-2.2144,NaN,NaN
02/12/2010 10:34,-79.033,8.448,101502,-1.0352,NaN,NaN
02/12/2010 13:23,-79.024,8.445,101502,-1.784,NaN,NaN
02/12/2010 14:43,-79.04,8.447,101502,-5.696,NaN,NaN
02/12/2010 18:21,-79.002,8.448,101502,-1.2112,NaN,NaN
03/12/2010 02:25,-79.011,8.465,101502,7.31,NaN,NaN
03/12/2010 03:29,-79.018,8.473,101502,2.9928,NaN,NaN
03/12/2010 07:04,-79.084,8.491,101502,-7.3848,NaN,NaN
03/12/2010 13:17,-78.996,8.466,101502,9.8768,NaN,NaN
03/12/2010 14:29,-79.026,8.47,101502,1.464,NaN,NaN
03/12/2010 18:11,-79.005,8.46,101502,5.9,NaN,NaN
03/12/2010 19:52,-79.023,8.466,101502,3.1168,NaN,NaN
04/12/2010 01:27,-79.012,8.472,101502,5.272,NaN,NaN
04/12/2010 01:57,-79.017,8.475,101502,2.43,NaN,NaN
04/12/2010 03:13,-79.021,8.466,101502,3.9136,NaN,NaN
05/12/2010 02:43,-79.231,8.219,101502,-84.42,740.8557931,1199.024542
05/12/2010 09:20,-79.008,8.434,101502,-1.0384,NaN,NaN
05/12/2010 21:58,-78.844,8.553,101502,-28.1304,1007.16201,1331.136011
06/12/2010 02:52,-78.989,8.421,101502,-9.3028,NaN,NaN
06/12/2010 05:52,-78.99,8.436,101502,-1.288,NaN,NaN
06/12/2010 09:01,-78.973,8.416,101502,4.1816,NaN,NaN
06/12/2010 12:34,-78.821,8.385,101502,-25.078,NaN,NaN
07/12/2010 07:58,-79.028,8.392,101502,-4.3296,NaN,NaN
07/12/2010 09:04,-79.048,8.35,101502,-21.68,NaN,NaN
07/12/2010 13:26,-79.044,8.24,101502,-22,NaN,NaN
07/12/2010 14:45,-79.063,8.191,101502,-47.7284,806.2814968,1408.488857
07/12/2010 15:06,-79.047,8.168,101502,-49.8896,765.7837979,1407.410749
07/12/2010 21:18,-79.138,8.155,101502,-54.332,831.9048302,1379.59513
07/12/2010 22:54,-79.146,8.142,101502,-63.0512,827.04547,1373.7129
08/12/2010 01:09,-79.161,8.106,101502,-67.4928,799.6171634,1359.960655
08/12/2010 07:56,-79.41,8.044,101502,-99.784,836.4423536,988.1729653
08/12/2010 17:17,-79.337,7.821,101502,-185.9516,816.94334,974.5466859
08/12/2010 22:26,-79.296,7.851,101502,-126.5576,835.9479871,979.5751718
09/12/2010 03:03,-79.328,7.787,101502,-183.5336,935.2766713,1031.307126
09/12/2010 09:19,-79.322,7.789,101502,-175.3808,986.885236,1041.808107
09/12/2010 11:08,-79.393,7.657,101502,-228.8696,897.9206098,937.9016238
09/12/2010 18:10,-79.469,7.614,101502,-356.0992,966.1021491,926.5173555
09/12/2010 20:27,-79.496,7.579,101502,-426.3936,980.5214754,928.7929028
10/12/2010 01:03,-79.559,7.569,101502,-358.298,923.3375019,888.7795854
10/12/2010 05:47,-79.616,7.544,101502,-331.3904,845.5356839,841.9753149
10/12/2010 07:33,-79.613,7.505,101502,-399.248,858.0794759,844.7950115
10/12/2010 10:43,-79.656,7.479,101502,-353.5864,804.7394148,815.5578133
10/12/2010 12:15,-79.665,7.495,101502,-305.19,802.0390333,809.396226
10/12/2010 13:27,-79.68,7.472,101502,-311.456,787.7842691,807.5231386
10/12/2010 15:36,-79.676,7.472,101502,-316.8032,797.5997441,809.3500298
11/12/2010 02:24,-79.78,7.411,101502,-425.32,841.7368338,823.7731522
11/12/2010 04:02,-79.711,7.369,101502,-533.16,773.9976346,797.3655121
11/12/2010 08:28,-79.823,7.334,101502,-754.724,943.2299231,851.5817399
11/12/2010 10:19,-79.798,7.333,101502,-804.66,935.589978,845.7160409
11/12/2010 15:15,-79.831,7.344,101502,-651.968,977.819649,857.3230808
11/12/2010 19:32,-79.839,7.313,101502,-942.4484,987.0909683,851.4975329
11/12/2010 22:40,-79.845,7.315,101502,-903.41,1003.530422,854.2592295
12/12/2010 02:00,-79.915,7.356,101502,-285.328,NaN,NaN
12/12/2010 06:36,-79.786,7.333,101502,-814.02,999.859745,845.1047792
12/12/2010 14:54,-79.719,7.344,101502,-648.1328,886.1843119,817.8017498
12/12/2010 18:23,-79.804,7.376,101502,-521.5856,1081.821175,864.026815
12/12/2010 19:19,-79.753,7.384,101502,-528.0296,970.7538949,828.6159838
12/12/2010 21:03,-79.812,7.41,101502,-342.48,1005.141007,840.3857121
13/12/2010 01:39,-79.841,7.443,101502,-148.83,947.0475107,832.8948633
13/12/2010 05:17,-79.651,7.419,101502,-593.3728,941.0037273,817.4032785
13/12/2010 09:23,-79.734,7.399,101502,-479.9384,955.0595975,814.323326
13/12/2010 11:10,-79.608,7.497,101502,-425.2688,1162.990746,872.4294334
13/12/2010 15:53,-79.715,7.63,101502,-142.14,1088.527392,854.6213678
13/12/2010 22:06,-79.68,7.298,101502,-1191.824,990.2031693,842.4082558
14/12/2010 06:11,-79.516,7.511,101502,-610.6016,1596.191161,967.1991979
14/12/2010 09:02,-79.455,7.521,101502,-558.482,1756.906928,1002.631619
14/12/2010 10:58,-79.492,7.505,101502,-661.952,1651.193604,974.9101602
14/12/2010 12:22,-79.478,7.52,101502,-600.264,1724.139354,989.2729476
15/12/2010 02:46,-79.558,7.536,101502,-426.9536,1518.829567,929.4967005
15/12/2010 17:50,-79.609,7.515,101502,-384.992,1249.610797,888.8682293
15/12/2010 21:19,-79.632,7.488,101502,-395.7936,1141.851572,855.2200291
16/12/2010 02:25,-79.47,7.691,101502,-198.74,1376.670926,945.2402498
16/12/2010 06:30,-79.645,7.472,101502,-384.88,1090.033657,844.4361899
16/12/2010 08:08,-79.693,7.486,101502,-275.6048,998.0254024,816.4396361
16/12/2010 13:12,-79.696,7.441,101502,-385.3616,974.8966132,818.154736
16/12/2010 17:41,-79.698,7.418,101502,-421.5104,966.2216046,813.7608089
16/12/2010 18:37,-79.68,7.378,101502,-625.408,956.632241,810.5057099
16/12/2010 20:21,-79.698,7.377,101502,-529.116,962.9582185,808.0417772
17/12/2010 01:59,-79.66,7.32,101502,-1160.44,1012.420988,836.9647615
17/12/2010 03:36,-79.644,7.348,101502,-1058.4208,973.9861935,824.891745
17/12/2010 12:04,-79.659,7.176,101502,-1945.3976,898.4247339,810.6149974
17/12/2010 16:14,-79.64,7.156,101502,-2113.072,920.2437498,816.2831844
18/12/2010 01:38,-79.635,6.952,101502,-3033.08,1088.031359,883.3705605
18/12/2010 06:02,-79.528,6.857,101502,-3276.0912,1092.046377,875.2755779
18/12/2010 07:08,-79.583,6.809,101502,-3345.5136,1028.222478,843.0000376
18/12/2010 09:10,-79.57,6.761,101502,-3342.252,1017.92246,822.8101784
18/12/2010 12:29,-79.544,6.665,101502,-3266.788,1052.971199,823.7667908
18/12/2010 13:33,-79.562,6.661,101502,-3275.6896,1069.139635,837.2032739
18/12/2010 17:19,-79.519,6.638,101502,-3135.8824,1034.700124,820.5496159
18/12/2010 18:15,-79.538,6.589,101502,-3145.1856,1051.623525,845.1633003
18/12/2010 19:00,-79.569,6.586,101502,-3201.1576,1092.559938,871.483768
18/12/2010 19:57,-79.568,6.557,101502,-3245.0304,1104.867962,886.639752
18/12/2010 23:00,-79.544,6.507,101502,-3233.5536,1087.976279,879.7966622
19/12/2010 13:59,-79.558,6.087,101502,-3195.6392,765.8323817,675.6264492
19/12/2010 19:51,-79.418,6.024,101502,-3444.5504,727.7691488,647.4208032
19/12/2010 21:31,-79.565,6.049,101502,-3192.856,742.5557847,671.7624228
20/12/2010 04:21,-79.65,5.839,101502,-3209.86,711.0647266,676.5130019
20/12/2010 11:24,-79.704,5.677,101502,-3141.5648,680.1229408,624.2407114
20/12/2010 15:21,-79.679,5.496,101502,-3522.7888,641.3040485,625.3958087
20/12/2010 19:35,-79.611,5.553,101502,-4110.2488,643.7997617,639.7480872
21/12/2010 03:52,-79.745,5.235,101502,-3146.28,605.3722788,619.0693955
21/12/2010 08:15,-79.73,5.148,101502,-3397.136,597.2534354,615.8989131
21/12/2010 13:02,-79.771,5.049,101502,-3296.462,591.2408948,616.6313132
21/12/2010 14:55,-79.81,5.037,101502,-3302.084,584.3190073,612.1850095
22/12/2010 01:44,-79.985,4.832,101502,-3370.244,608.77101,610.4561934
22/12/2010 03:36,-80.046,4.78,101502,-2780.496,531.9185689,593.0613245
22/12/2010 06:25,-80.127,4.709,101502,-1924.04,502.7592282,570.5875669
22/12/2010 11:04,-80.298,4.593,101502,-1636.2128,489.7905629,511.1952977
22/12/2010 14:38,-80.354,4.565,101502,-1951.472,507.9062026,512.9249556
22/12/2010 18:12,-80.308,4.478,101502,-2147.632,541.2780013,523.9995513
22/12/2010 21:49,-80.937,4.377,101502,-1154.45,499.5642897,519.1197708
23/12/2010 07:58,-80.684,4.254,101502,-1778.848,505.1779854,517.105589
23/12/2010 15:35,-80.831,4.143,101502,-1735.0844,518.9607129,516.8182654
24/12/2010 01:21,-81.067,3.989,101502,-1461.62,602.857627,547.5747549
24/12/2010 07:42,-81.192,3.956,101502,-1503.1232,634.2829092,543.5699583
24/12/2010 21:00,-81.552,3.804,101502,-1424.6864,647.9349749,600.6079011
24/12/2010 22:49,-81.532,3.797,101502,-1317.8496,649.7663256,597.5616657
25/12/2010 01:05,-81.562,3.768,101502,-1134.712,632.1943608,594.034902
25/12/2010 02:37,-81.515,3.821,101502,-1641.826,643.6465543,596.9867445
25/12/2010 05:52,-81.622,3.774,101502,-1379.5968,613.6408376,600.7166458
25/12/2010 20:43,-81.839,3.595,101502,-1639.742,668.3217921,631.6995387
25/12/2010 22:23,-81.878,3.576,101502,-1669.6336,678.692684,640.3346937
26/12/2010 08:10,-81.897,3.53,101502,-1824.24,726.0979602,658.8247592
26/12/2010 13:34,-81.982,3.52,101502,-1727.272,714.2678113,655.6955922
26/12/2010 14:54,-82.003,3.501,101502,-1777.6436,721.2144964,654.7449083
26/12/2010 18:30,-82.017,3.475,101502,-1860.27,729.6061628,652.7086299
26/12/2010 19:17,-82.057,3.475,101502,-1847.99,727.0132336,645.8404952
27/12/2010 06:15,-81.99,3.398,101502,-2287.312,694.0668574,635.4386737
27/12/2010 12:20,-82.007,3.392,101502,-2312.1832,679.1313181,629.8844335
27/12/2010 13:23,-81.99,3.386,101502,-2368.384,679.8280879,630.5515399
27/12/2010 15:40,-82.029,3.4,101502,-2231.4,674.231547,628.1401305
27/12/2010 20:01,-82.057,3.382,101502,-2163.2008,652.1703087,616.3960258
27/12/2010 20:43,-82.033,3.393,101502,-2244.6984,661.4167649,624.3783761
28/12/2010 02:14,-82.043,3.337,101502,-2355.6544,647.3605576,617.3129152
28/12/2010 02:37,-82.025,3.327,101502,-2486.5,650.5372114,621.298234
28/12/2010 07:08,-82.043,3.275,101502,-2535.56,648.7523108,615.7948251
28/12/2010 07:49,-82.07,3.293,101502,-2383.616,649.6490382,605.8023673
28/12/2010 08:29,-82.059,3.3,101502,-2405.82,647.2591247,610.4125843
28/12/2010 11:37,-82.038,3.273,101502,-2559.1088,641.842783,616.0320488
28/12/2010 13:17,-82.066,3.278,101502,-2434.04,640.6034401,606.5879813
28/12/2010 14:14,-82.129,3.301,101502,-2190.5464,642.2075684,582.4562653
28/12/2010 15:47,-82.047,3.256,101502,-2542.0336,634.6205235,610.9883454
28/12/2010 18:12,-82.023,3.262,101502,-2618.4648,630.4179837,617.7020832
28/12/2010 18:52,-82.05,3.242,101502,-2531.2,629.4326765,608.5865756
28/12/2010 19:50,-82.052,3.238,101502,-2520.5056,627.9469281,607.7837795
28/12/2010 20:33,-82.06,3.235,101502,-2485.96,626.8847095,606.3846564
28/12/2010 21:09,-82.047,3.229,101502,-2529.7992,625.7035465,607.419379
28/12/2010 22:49,-82.049,3.213,101502,-2501.594,622.7379198,605.5704928
29/12/2010 05:52,-82.054,3.175,101502,-2450.34,618.8495184,614.387632
29/12/2010 06:51,-82.07,3.179,101502,-2412.812,622.5968362,611.9197191
29/12/2010 07:34,-82.06,3.174,101502,-2438.592,619.6847915,613.9238072
29/12/2010 11:21,-82.078,3.173,101502,-2400.8456,623.8088703,612.0682478
29/12/2010 13:18,-82.091,3.144,101502,-2459.9936,642.5820795,617.7830772
29/12/2010 15:34,-82.108,3.195,101502,-2274.64,618.1400154,604.2824268
29/12/2010 18:45,-82.186,3.2,101502,-2053.68,681.0865599,597.4001421
29/12/2010 20:47,-82.184,3.189,101502,-2120.5344,680.0631159,599.2876926
29/12/2010 22:25,-82.223,3.216,101502,-1849.5024,696.4651132,593.5680499
30/12/2010 04:09,-82.23,3.206,101502,-1893.864,695.8808253,595.3066535
30/12/2010 08:28,-82.415,3.101,101502,-1803.698,707.9947849,612.9927003
30/12/2010 14:32,-82.339,3.229,101502,-1932.1316,675.8082794,582.8440594
30/12/2010 15:10,-82.342,3.232,101502,-1920.1184,674.010118,580.0974759
30/12/2010 22:07,-82.62,3.235,101502,-3393.48,667.1924901,532.2130749
31/12/2010 01:35,-82.407,3.24,101502,-1726.128,665.9236149,563.4683404
31/12/2010 03:07,-82.438,3.262,101502,-1627.7472,691.7244694,555.2183803
31/12/2010 03:49,-82.397,3.249,101502,-1712.8212,661.2543578,557.3942483
31/12/2010 05:34,-82.381,3.263,101502,-1653.4464,651.1148541,545.9074202
31/12/2010 12:38,-82.363,3.296,101502,-1509.4736,630.741084,527.3418326
31/12/2010 19:11,-82.383,3.131,101502,-2015.1808,634.3295387,596.5366085
01/01/2011 01:48,-82.419,3.192,101502,-1945.8864,623.7810327,574.9467124
01/01/2011 02:42,-82.419,3.174,101502,-1975.1248,628.9581573,577.5797649
01/01/2011 03:27,-82.391,3.202,101502,-2036.164,621.7004524,579.1166606
01/01/2011 06:16,-82.449,3.236,101502,-1615.0752,626.1958935,557.1863869
01/01/2011 12:33,-82.328,3.163,101502,-2149.4472,640.7886179,594.5986949
01/01/2011 14:05,-82.314,3.205,101502,-2012.632,621.6265523,587.0126736
01/01/2011 14:23,-82.329,3.198,101502,-2069.4808,621.4906496,586.5114026
01/01/2011 16:02,-82.212,3.136,101502,-2332.8048,623.2914273,588.792733
01/01/2011 19:55,-82.373,3.105,101502,-1813.246,636.4504763,603.9750188
01/01/2011 20:52,-82.393,3.132,101502,-2005.468,612.6358529,586.7114968
03/01/2011 01:05,-82.483,3.011,101502,-1200.0604,762.5406657,631.7109731
03/01/2011 02:46,-82.475,3.001,101502,-1226.65,767.8270199,634.0546495
03/01/2011 08:22,-82.457,3.006,101502,-1389.5016,774.7343809,636.9055127
03/01/2011 12:53,-82.472,3.021,101502,-1322.8512,768.5131205,632.0033355
03/01/2011 18:48,-82.589,3.031,101502,-2030.8444,701.9142704,585.135065
03/01/2011 20:29,-82.601,3.054,101502,-2551.876,662.9088661,569.3278387
05/01/2011 02:20,-82.882,3.092,101502,-3217.2976,485.2963892,514.4529515
05/01/2011 03:43,-82.9,3.076,101502,-3268.6,497.8919291,515.4389319
05/01/2011 08:01,-82.909,3.125,101502,-3246.27,467.599157,507.8616336
05/01/2011 09:03,-82.922,3.136,101502,-3291.7344,464.9367283,505.5603572
05/01/2011 15:31,-82.949,3.108,101502,-3373.3032,475.6705775,506.0138642
05/01/2011 18:27,-82.973,3.201,101502,-3581.3268,460.9171419,488.0555771
05/01/2011 19:09,-82.975,3.163,101502,-3350.95,460.5704756,492.168827
05/01/2011 22:55,-83.012,3.158,101502,-3171.672,465.6159816,480.274111
07/01/2011 09:25,-83.144,3.242,101502,-3311.5568,348.3992011,414.3363982
07/01/2011 11:09,-83.156,3.293,101502,-3389.5224,344.2098399,405.0001258
07/01/2011 13:04,-83.122,3.302,101502,-3375.5792,351.4157419,417.1090457
07/01/2011 15:43,-83.159,3.313,101502,-3328.4316,349.3752243,400.6071879
07/01/2011 18:06,-83.236,3.269,101502,-3310.696,344.7742445,388.659377
07/01/2011 22:06,-83.074,3.334,101502,-3046.3072,391.836654,412.5546521
09/01/2011 03:02,-83.254,3.578,101502,-3001.5232,387.4850181,370.7328626
09/01/2011 05:42,-83.178,3.63,101502,-3199.44,386.5769049,373.4362192
09/01/2011 07:22,-83.22,3.617,101502,-3251.664,390.5306008,374.4832089
09/01/2011 08:12,-83.192,3.619,101502,-3240.4616,387.591658,374.0997458
09/01/2011 10:20,-83.195,3.635,101502,-3245.87,388.5848854,374.8605884
09/01/2011 14:12,-83.17,3.671,101502,-3032.748,385.4521564,373.1338221
09/01/2011 18:23,-83.263,3.687,101502,-3322.9972,379.8254184,367.2040188
09/01/2011 21:24,-83.304,3.674,101502,-3156.4272,376.9103804,364.2958685
11/01/2011 03:22,-83.248,3.679,101502,-3336.9256,376.2707636,370.6411125
11/01/2011 06:56,-83.12,3.661,101502,-2735.932,368.9340072,370.4053462
11/01/2011 11:12,-83.181,3.599,101502,-3218.4576,372.686917,371.6861693
11/01/2011 14:53,-83.149,3.571,101502,-3196.6824,361.9396779,365.5819422
11/01/2011 19:03,-83.23,3.599,101502,-3139.52,374.9063089,373.3116069
11/01/2011 19:45,-83.226,3.577,101502,-3067.2736,371.7648666,371.4561651
13/01/2011 01:25,-83.384,3.499,101502,-2775.9512,349.9714266,358.1103913
13/01/2011 02:22,-83.352,3.488,101502,-2826.9776,351.0028692,363.5337052
13/01/2011 04:19,-83.384,3.5,101502,-2773.16,350.4008031,357.6913398
13/01/2011 11:47,-83.43,3.497,101502,-2822.028,350.9262228,353.2514861
13/01/2011 19:30,-83.472,3.582,101502,-2819.0016,359.7283601,342.6628179
13/01/2011 20:19,-83.489,3.576,101502,-2848.276,360.4102443,343.2605855
15/01/2011 02:21,-83.49,3.679,101502,-2955.736,358.1598598,342.7313225
15/01/2011 06:17,-83.487,3.689,101502,-2972.4372,358.3716101,344.5141166
15/01/2011 07:11,-83.483,3.689,101502,-2973.334,358.405207,345.1026496
15/01/2011 08:01,-83.48,3.693,101502,-2983.6,358.7919637,346.2615086
15/01/2011 09:40,-83.534,3.743,101502,-3036.364,352.339651,341.7540265
15/01/2011 12:58,-83.382,3.676,101502,-2953.1488,353.3972649,361.9667819
15/01/2011 14:40,-83.469,3.693,101502,-2986.834,358.1995399,347.7892061
17/01/2011 03:14,-83.523,3.73,101502,-3012.416,345.6959819,343.7160194
17/01/2011 05:59,-83.507,3.727,101502,-3025.8104,346.2471152,347.0293836
17/01/2011 08:49,-83.47,3.736,101502,-3062.992,345.2592153,356.0744198
17/01/2011 15:31,-83.391,3.648,101502,-2994.3384,354.5193362,366.9744382
17/01/2011 21:27,-83.553,3.748,101502,-3061.8208,340.8144383,345.3957262
19/01/2011 01:13,-83.591,3.758,101502,-3058.1256,331.8602534,349.9433589
19/01/2011 02:19,-83.621,3.612,101502,-2988.8888,354.8649226,345.3899532
19/01/2011 04:02,-83.613,3.765,101502,-3071.73,328.3051151,349.7065938
19/01/2011 07:18,-83.561,3.722,101502,-2918.9648,331.7658394,347.4365135
19/01/2011 08:07,-83.582,3.72,101502,-2962.264,330.1069483,346.4972279
19/01/2011 11:19,-83.569,3.696,101502,-2916.0984,331.3801176,345.1157276
19/01/2011 13:52,-83.56,3.708,101502,-2889.536,329.0386132,346.3338525
19/01/2011 20:08,-83.611,3.754,101502,-3095.58,325.486332,352.1648366
19/01/2011 22:26,-83.946,3.897,101502,-3272.872,303.6952774,331.2807789
21/01/2011 01:36,-83.668,3.76,101502,-3079.896,315.0593796,351.7394835
21/01/2011 07:46,-83.378,3.736,101502,-3197.8512,329.7973663,370.3380187
21/01/2011 11:52,-83.618,3.849,101502,-3124.2464,328.1357687,367.3304553
21/01/2011 12:34,-83.639,3.875,101502,-3015.01,326.4771912,364.4659666
21/01/2011 15:58,-83.563,3.865,101502,-3018.678,348.1181507,380.485998
21/01/2011 18:00,-83.725,3.828,101502,-3016.96,308.0755931,349.4891601
21/01/2011 19:39,-83.229,4.338,101502,-3289.6016,563.2557632,460.4944613
23/01/2011 02:32,-83.708,4.046,101502,-3149.8528,322.7452409,378.8384467
23/01/2011 02:34,-83.711,4.045,101502,-3148.342,322.6229256,378.6902379
23/01/2011 04:10,-83.719,4.018,101502,-3092.1392,321.413349,375.8569721
23/01/2011 07:33,-83.646,4.011,101502,-3089.2536,327.8571018,377.756647
23/01/2011 09:46,-83.66,4.044,101502,-3127.16,329.5890144,381.0898056
23/01/2011 11:30,-83.597,4.022,101502,-3130.86,330.9770052,379.9205355
23/01/2011 13:23,-83.721,4.039,101502,-3140.6864,322.4395539,379.925366
23/01/2011 19:23,-83.682,4.075,101502,-3137.9,327.2259848,377.5478156
23/01/2011 20:11,-83.672,4.084,101502,-3137.9536,328.3993498,376.4566519
23/01/2011 20:45,-83.652,4.118,101502,-3160.2624,330.4295531,371.9111199
23/01/2011 22:29,-83.514,4.046,101502,-3235.4912,329.6911007,380.7218043
25/01/2011 01:45,-83.75,4.16,101502,-2929.8,321.808069,371.0606778
25/01/2011 03:33,-83.763,4.151,101502,-2920.2576,322.1837333,371.4974997
25/01/2011 06:19,-83.768,4.149,101502,-2929.1376,322.126381,371.9829096
25/01/2011 07:07,-83.767,4.152,101502,-2929.2168,321.9504564,372.2102696
25/01/2011 08:02,-83.785,4.141,101502,-2973.082,321.9158858,371.949282
25/01/2011 10:36,-83.772,4.149,101502,-2933.7504,321.9311895,372.7836677
25/01/2011 17:21,-83.811,3.999,101502,-3110.08,319.133933,368.2418828
25/01/2011 21:35,-83.802,4.222,101502,-3196.6592,319.0336214,379.3359303
27/01/2011 02:52,-83.868,4.307,101502,-3092.7168,322.3667777,405.8149669
27/01/2011 04:35,-83.858,4.314,101502,-3059.9072,319.4039944,405.527002
27/01/2011 08:24,-83.851,4.285,101502,-3097.442,319.4061408,400.5295284
27/01/2011 11:30,-83.81,4.262,101502,-3133.36,314.6865315,393.5386329
27/01/2011 13:56,-83.932,4.336,101502,-3156.3184,318.188023,405.1480827
27/01/2011 22:34,-83.706,4.353,101502,-3053.1296,318.8322461,397.628116
29/01/2011 01:57,-83.927,4.101,101502,-3253.9092,325.1098261,367.405952
29/01/2011 03:52,-83.929,4.082,101502,-3290.7416,326.4044709,367.3106668
29/01/2011 08:01,-83.934,4.05,101502,-3414.32,328.6827885,366.5608481
29/01/2011 08:57,-83.914,4.028,101502,-3471.6864,331.0479633,372.1492499
29/01/2011 12:00,-83.958,4.016,101502,-3476.8464,330.5054639,363.6051455
29/01/2011 12:45,-83.995,3.998,101502,-3310.044,333.0325624,362.7488811
29/01/2011 13:33,-83.978,4.038,101502,-3111.824,331.7150119,359.0714773
29/01/2011 14:51,-84.006,4.032,101502,-2922.7568,335.1414403,357.5561144
29/01/2011 18:26,-83.954,4.035,101502,-3371.948,332.0820484,363.1514476
29/01/2011 21:35,-84.087,3.989,101502,-2949.4232,335.6589303,366.427711
31/01/2011 01:28,-84.256,3.906,101502,-3223.472,324.5321516,372.0111818
31/01/2011 02:12,-84.265,3.905,101502,-3358.25,321.2785,371.5320449
31/01/2011 06:53,-84.289,3.892,101502,-3725.244,309.3041363,369.3081749
31/01/2011 07:46,-84.296,3.886,101502,-3848.568,309.1700723,369.2878991
31/01/2011 09:24,-84.357,3.979,101502,-3257.214,336.6611392,378.3585271
31/01/2011 09:56,-84.36,3.942,101502,-3368.136,343.6953153,380.8554123
31/01/2011 15:20,-84.397,3.917,101502,-3371.5752,355.555956,384.4593357
31/01/2011 18:01,-84.374,3.913,101502,-3474.9664,354.9075521,384.3335788
31/01/2011 20:27,-84.428,3.906,101502,-3272.8528,360.2372121,386.6906838
31/01/2011 22:38,-84.476,4.042,101502,-2964.7056,324.8907211,373.0542149
01/02/2011 02:00,-84.482,3.929,101502,-2687.7568,356.9782686,387.8679483
01/02/2011 08:29,-84.309,3.878,101502,-4049.4792,324.6973107,375.4891889
01/02/2011 09:24,-84.378,3.879,101502,-3524.5776,365.1870992,388.8156911
01/02/2011 15:02,-84.406,3.927,101502,-3353.1744,355.7450093,388.348194
01/02/2011 17:50,-84.521,3.924,101502,-2318.7208,357.2108072,390.1772537
04/02/2011 14:27,-84.842,3.618,101502,-3099.0544,347.1035193,363.7259059
04/02/2011 22:36,-84.987,3.622,101502,-3212.8184,361.5634317,402.1886692
07/02/2011 01:37,-85.201,3.391,101502,-2983.322,337.4181945,363.9926129
10/02/2011 13:05,-85.358,2.743,101502,-3004.1096,362.3220706,396.6530963
10/02/2011 15:41,-85.388,2.724,101502,-2984.6672,356.991887,400.9565033
13/02/2011 02:38,-85.821,2.428,101502,-2885.3256,365.498866,384.7398758
13/02/2011 03:40,-85.84,2.429,101502,-2865.308,367.0224799,383.7901202
13/02/2011 06:20,-85.889,2.438,101502,-2929.212,366.9076863,378.3052178
13/02/2011 07:04,-85.908,2.439,101502,-2910.9696,365.2039882,374.3997011
13/02/2011 07:59,-85.932,2.446,101502,-2886.92,361.0319194,368.0972709
13/02/2011 08:45,-85.948,2.45,101502,-2876.92,358.2155052,363.6996484
13/02/2011 09:33,-85.951,2.457,101502,-2889.646,355.3485148,361.2354727
13/02/2011 12:22,-86.014,2.435,101502,-2901.792,364.3689804,369.1150097
13/02/2011 15:21,-85.895,2.394,101502,-2894.568,380.1578458,383.7856716
13/02/2011 16:22,-85.915,2.377,101502,-2904.358,385.9960192,384.700798
13/02/2011 19:03,-86.031,2.418,101502,-2898.2128,366.2217565,374.3644605
13/02/2011 20:38,-85.969,2.436,101502,-2856.4096,363.6589215,365.6350989
13/02/2011 22:18,-85.899,2.453,101502,-2938.2396,361.8372099,373.8001357
16/02/2011 02:39,-86.356,2.422,101502,-2940.9824,352.7016244,378.836801
16/02/2011 03:09,-86.377,2.414,101502,-2971.8272,350.764247,377.0575001
16/02/2011 04:13,-86.305,2.436,101502,-2831.712,356.0394867,381.1363636
16/02/2011 10:08,-86.398,2.412,101502,-2996.0832,347.7674467,376.8175033
16/02/2011 11:40,-86.352,2.406,101502,-2980.7104,354.2603711,383.5359513
16/02/2011 15:45,-86.428,2.473,101502,-2935.1712,344.2902228,373.5106794
16/02/2011 18:31,-86.445,2.441,101502,-2956.788,342.8287592,372.7825473
16/02/2011 19:14,-86.419,2.464,101502,-2897.0056,345.5440225,376.7931239
16/02/2011 21:02,-86.474,2.406,101502,-3067.504,340.5439123,372.9575505
19/02/2011 01:46,-86.493,2.81,101502,-2865.948,328.0099617,379.0429643
19/02/2011 03:17,-86.505,2.831,101502,-2877.26,325.1774748,376.7831585
19/02/2011 03:41,-86.496,2.847,101502,-2880.5072,324.3937289,375.7937192
19/02/2011 04:56,-86.536,2.798,101502,-2884.9824,322.9545102,380.3334722
19/02/2011 09:16,-86.487,2.897,101502,-2874.838,323.3545975,374.0622491
19/02/2011 10:30,-86.551,2.914,101502,-2886.3304,321.1961466,363.8294674
19/02/2011 15:53,-86.555,2.963,101502,-2885.85,317.480228,358.7983903
19/02/2011 19:41,-86.511,2.983,101502,-2890.2216,326.37863,367.3690981
22/02/2011 09:21,-86.953,3.496,101502,-2286.1416,323.2481754,382.3615723
22/02/2011 12:13,-86.954,3.523,101502,-2214.5856,323.2057887,380.3072351
22/02/2011 13:29,-86.98,3.525,101502,-2175.4,324.6112084,386.5861678
22/02/2011 14:55,-87.01,3.548,101502,-2036.864,327.434242,395.6261417
22/02/2011 17:33,-86.955,3.575,101502,-2057.85,323.8498754,376.9061073
22/02/2011 19:57,-87.043,3.579,101502,-1854.4432,338.794737,400.9141617
22/02/2011 20:54,-86.991,3.61,101502,-1847.712,333.5731573,382.2240005
22/02/2011 21:33,-87.026,3.6,101502,-1790.48,341.3553866,392.8520483
22/02/2011 22:06,-87.126,3.506,101502,-1934.5792,307.5486577,394.3554163
25/02/2011 01:16,-87.057,4.058,101502,-1565.0568,368.1902586,360.7779135
25/02/2011 02:15,-87.044,4.067,101502,-1539.3344,369.7472419,362.0128541
25/02/2011 04:30,-87.02,4.075,101502,-1504,373.0042391,366.6279996
25/02/2011 05:55,-87.031,4.085,101502,-1498.612,372.6098585,363.7034006
25/02/2011 06:34,-87.029,4.092,101502,-1487.7016,373.0213333,363.7876596
25/02/2011 08:18,-87.025,4.105,101502,-1470.55,372.9829885,364.1437931
25/02/2011 09:50,-87.021,4.12,101502,-1455.264,372.0719045,364.4788239
25/02/2011 11:29,-87.023,4.137,101502,-1444.6288,370.9056605,361.366583
25/02/2011 11:36,-87.02,4.14,101502,-1440.64,369.3706898,361.4499627
25/02/2011 13:19,-87.024,4.149,101502,-1437.6688,369.4430326,358.8812065
25/02/2011 13:49,-87.016,4.161,101502,-1416.5824,364.5904543,357.800769
25/02/2011 13:56,-87.015,4.151,101502,-1427.206,365.6605374,360.2670615
25/02/2011 19:27,-87.14,4.113,101502,-1480.828,393.955837,367.6541148
25/02/2011 22:27,-87.07,4.133,101502,-1461.02,382.3597347,362.7438927
28/02/2011 01:49,-87.177,4.295,101502,-1473.144,370.7891464,347.8164214
28/02/2011 03:30,-87.184,4.31,101502,-1493.592,373.2975329,347.1461687
28/02/2011 07:40,-87.177,4.358,101502,-1534.8976,374.502095,346.6569397
28/02/2011 08:45,-87.176,4.365,101502,-1534.984,374.7299224,346.5610517
28/02/2011 09:23,-87.169,4.372,101502,-1537.4888,372.3431491,346.6167802
28/02/2011 10:15,-87.162,4.379,101502,-1535.2208,370.3619507,346.7510079
28/02/2011 11:56,-87.161,4.386,101502,-1530.7864,371.5435814,346.8002536
28/02/2011 14:31,-87.222,4.387,101502,-1504.0168,386.6547889,347.5151544
28/02/2011 16:08,-87.195,4.393,101502,-1532.166,385.3611218,346.506442
28/02/2011 18:08,-87.195,4.392,101502,-1531.404,385.7584332,346.4613181
01/03/2011 03:09,-87.093,4.314,101502,-1494.6088,350.2468101,351.8133837
01/03/2011 04:48,-87.091,4.394,101502,-1411.1616,359.6498724,349.8975161
01/03/2011 07:38,-87.039,4.382,101502,-1465.9912,357.762009,355.2936112
01/03/2011 09:12,-87.08,4.455,101502,-1194.62,370.7426313,347.4124274
01/03/2011 11:31,-87.063,4.448,101502,-1185.1392,362.9374042,348.6586514
01/03/2011 12:30,-87.047,4.447,101502,-1197.1824,356.8547273,349.6085184
01/03/2011 14:16,-87.013,4.368,101502,-1516.1744,357.058158,353.2904238
01/03/2011 22:37,-86.987,4.491,101502,-1444.8876,368.0063918,347.6324186
04/03/2011 03:36,-86.97,4.009,101502,-1597.84,359.9674776,389.2340445
04/03/2011 06:23,-87.003,3.973,101502,-1536.7084,358.6614257,383.113899
04/03/2011 06:59,-87.015,3.967,101502,-1536.658,355.828065,381.399272
04/03/2011 08:46,-86.993,3.949,101502,-1518.7148,363.5659332,384.698366
04/03/2011 11:50,-86.928,3.906,101502,-1378.7168,360.3106047,388.2220366
04/03/2011 13:35,-87.045,3.913,101502,-1470.678,360.4936559,382.6607074
04/03/2011 14:50,-87.041,3.805,101502,-1250.314,400.6261998,396.217315
04/03/2011 16:24,-87.049,3.891,101502,-1399.6056,366.6578609,385.5310057
04/03/2011 19:08,-87.084,3.854,101502,-1304.8864,376.2605327,393.5559849
04/03/2011 19:50,-87.068,3.882,101502,-1397.36,369.1270591,389.5337893
07/03/2011 02:01,-87.575,3.965,101502,-1653.85,357.9335951,342.6351277
07/03/2011 07:32,-87.55,4.069,101502,-1486.22,356.8268577,339.0774374
07/03/2011 09:12,-87.559,4.097,101502,-1476.8512,356.7513536,338.8899079
07/03/2011 14:39,-87.573,4.125,101502,-1531.11,358.625664,339.0777606
07/03/2011 18:46,-87.785,4.027,101502,-1583.714,391.0091547,343.9396612
07/03/2011 21:53,-87.67,4.072,101502,-1589.312,367.101181,342.8969224
10/03/2011 01:46,-87.277,4.726,101502,-2345.9224,334.4589844,343.5828378
10/03/2011 02:55,-87.252,4.733,101502,-2313.0008,336.698941,343.9317143
10/03/2011 03:23,-87.24,4.747,101502,-2275.456,338.2104848,343.2878254
10/03/2011 07:01,-87.182,4.785,101502,-2144.612,347.0904418,340.9561012
10/03/2011 07:36,-87.172,4.795,101502,-2082.224,348.4549953,340.9310671
10/03/2011 08:37,-87.159,4.816,101502,-2016.1376,350.8246623,338.4749619
10/03/2011 09:22,-87.159,4.806,101502,-2001.7016,349.7562229,340.1501443
10/03/2011 11:10,-87.096,4.819,101502,-1721.292,330.9163732,333.6443694
10/03/2011 14:19,-87.041,4.817,101502,-1590.4232,301.7959936,323.2005179
10/03/2011 15:55,-86.888,4.718,101502,-1265.0944,346.1423086,321.284759
10/03/2011 18:11,-87.034,4.851,101502,-1618.9832,306.7877615,324.5547477
10/03/2011 18:42,-87.032,4.812,101502,-1566.9456,301.8313443,322.346202
10/03/2011 19:44,-86.961,4.863,101502,-1556.7948,303.501633,317.1244001
13/03/2011 01:45,-87.089,5.022,101502,-1770.5344,296.6352799,319.2718989
13/03/2011 02:22,-87.096,5.034,101502,-1669.5168,298.0724177,319.2660402
13/03/2011 02:27,-87.092,5.026,101502,-1736.4256,297.1372026,319.2920847
13/03/2011 04:03,-87.083,5.051,101502,-1619.786,298.4866427,316.5174817
13/03/2011 06:29,-87.103,5.073,101502,-1528.508,296.1043537,313.3611658
13/03/2011 08:14,-87.1,5.084,101502,-1599.08,295.0614175,310.9611021
13/03/2011 08:48,-87.093,5.087,101502,-1688.9636,294.5129615,309.756444
13/03/2011 10:04,-87.137,5.108,101502,-1488.3808,294.6435429,309.5102532
13/03/2011 13:30,-87.177,5.132,101502,-1983.3696,293.8182169,309.2053353
31/10/2010 02:00,-79.215,8.364,101504,-82.8,848.7226699,947.8332704
31/10/2010 08:25,-79.359,8.178,101504,-95.3328,808.2299544,771.111122
31/10/2010 11:17,-79.254,8.322,101504,-85.9264,847.3880301,837.9143569
31/10/2010 15:48,-79.263,8.324,101504,-84.9736,859.0904783,834.2411687
31/10/2010 17:12,-79.255,8.312,101504,-86.652,857.5765905,823.7348462
31/10/2010 18:26,-79.271,8.288,101504,-86.7784,846.8507678,783.6236116
31/10/2010 18:51,-79.286,8.277,101504,-80.08,848.6567834,775.8128836
01/11/2010 01:30,-79.121,8.102,101504,-64.2176,948.1193997,787.6781766
01/11/2010 11:03,-79.334,8.26,101504,-77.64,897.6765535,786.4417575
01/11/2010 14:10,-79.355,8.295,101504,-77.31,906.9074962,787.6292891
01/11/2010 15:22,-79.378,8.39,101504,-80.6,894.7689677,788.8936424
01/11/2010 17:01,-79.296,8.295,101504,-73.16,898.7043867,782.3074861
01/11/2010 18:17,-79.319,8.282,101504,-65.3776,909.1394354,784.07777
01/11/2010 19:58,-79.319,8.273,101504,-69.0064,915.5712237,785.9165836
01/11/2010 20:41,-79.32,8.269,101504,-70.876,918.5575464,786.8708223
02/11/2010 02:56,-79.362,8.322,101504,-78.48,935.4876052,794.7196132
02/11/2010 07:00,-79.341,8.338,101504,-76.6312,945.8167876,808.380407
02/11/2010 10:51,-79.301,8.306,101504,-71.78,946.9765826,799.3142556
02/11/2010 13:27,-79.286,8.316,101504,-79.8272,960.4567131,816.4631207
02/11/2010 13:48,-79.303,8.325,101504,-74.37,962.0558898,817.7564359
02/11/2010 15:02,-79.291,8.361,101504,-80.2164,984.398887,861.6908437
02/11/2010 18:08,-79.217,8.331,101504,-85.04,1032.670632,903.3130752
03/11/2010 08:25,-79.196,8.286,101504,-88.6864,1067.096206,864.4013393
03/11/2010 10:34,-79.187,8.271,101504,-79.4424,1086.874482,870.8752807
03/11/2010 12:21,-79.171,8.262,101504,-47.3872,1116.840852,886.0778501
03/11/2010 13:24,-79.174,8.282,101504,-60.9344,1118.567549,892.4498129
03/11/2010 18:18,-79.151,8.352,101504,-27.0288,1232.356706,1032.079011
04/11/2010 01:14,-79.291,8.31,101504,-77.012,1038.911734,815.9449528
04/11/2010 07:04,-79.212,8.37,101504,-81.976,1197.91904,981.1218809
04/11/2010 10:05,-79.223,8.362,101504,-84.2464,1183.727662,955.2585919
04/11/2010 12:11,-79.217,8.361,101504,-83.0668,1198.16639,961.7277637
04/11/2010 13:49,-79.22,8.369,101504,-83.068,1207.650812,970.2633487
04/11/2010 14:23,-79.201,8.379,101504,-82.3336,1246.236777,1006.945861
04/11/2010 14:41,-79.194,8.38,101504,-80.872,1258.388848,1017.725773
04/11/2010 16:04,-79.194,8.403,101504,-82.9344,1272.243258,1029.217248
04/11/2010 17:48,-79.178,8.427,101504,-74.3336,1325.123544,1077.177112
05/11/2010 19:36,-79.213,8.511,101504,-68.5304,1259.30553,1054.641118
06/11/2010 08:25,-79.249,8.512,101504,-67.9736,1230.325832,1024.806172
06/11/2010 09:23,-79.238,8.526,101504,-66.8768,1244.442854,1049.778204
06/11/2010 11:48,-79.25,8.495,101504,-68.3,1215.166591,1001.794018
06/11/2010 13:28,-79.248,8.455,101504,-74.872,1188.529446,957.3059439
06/11/2010 13:46,-79.257,8.455,101504,-74.086,1175.556642,943.3377213
06/11/2010 13:51,-79.264,8.458,101504,-72.8032,1166.498878,932.6976504
06/11/2010 15:30,-79.253,8.439,101504,-77.0788,1175.791425,948.1450569
06/11/2010 19:04,-79.281,8.451,101504,-72.2032,1136.436842,906.808693
06/11/2010 19:30,-79.296,8.448,101504,-73.7888,1118.160682,889.4657548
07/11/2010 04:08,-79.325,8.449,101504,-76.5,1106.314675,885.8880794
07/11/2010 08:10,-79.328,8.484,101504,-75.6528,1142.952374,916.2520923
07/11/2010 13:25,-79.238,8.453,101504,-75.5392,1184.324846,975.5138575
07/11/2010 15:08,-79.314,8.423,101504,-76.7192,1091.895314,885.9572297
07/11/2010 17:39,-79.291,8.405,101504,-80.318,1084.312556,893.6047207
08/11/2010 11:25,-79.214,8.392,101504,-80.16,1195.310094,1005.05362
08/11/2010 13:01,-79.212,8.375,101504,-81.28,1196.407783,1005.735966
08/11/2010 16:22,-79.212,8.329,101504,-84.0984,1140.298469,949.4683677
08/11/2010 17:31,-79.224,8.33,101504,-85.88,1125.187891,937.6709008
08/11/2010 18:43,-79.214,8.331,101504,-84.4272,1138.243106,950.4130177
08/11/2010 20:23,-79.229,8.341,101504,-86.2408,1127.128407,945.1543951
08/11/2010 21:11,-79.239,8.341,101504,-87.4692,1112.363537,933.4517724
09/11/2010 09:45,-79.22,8.345,101504,-84.28,1133.908509,963.9595798
09/11/2010 12:57,-79.143,8.345,101504,-23.448,1260.175661,1070.108954
09/11/2010 14:24,-79.195,8.315,101504,-81.37,1138.311151,961.7047846
09/11/2010 18:27,-79.367,8.31,101504,-79.46,1049.65584,855.3014826
09/11/2010 20:52,-79.153,8.332,101504,-32.7776,1230.239774,1041.850946
10/11/2010 08:55,-79.146,8.373,101504,-17.1592,1254.813855,1106.580189
10/11/2010 20:28,-79.189,8.446,101504,-73.2352,1230.216871,1077.287407
11/11/2010 07:31,-79.135,8.294,101504,-3.108,1236.438356,1031.789379
11/11/2010 09:03,-79.033,8.328,101504,-16.516,NaN,NaN
11/11/2010 10:43,-79.094,8.38,101504,10.432,NaN,NaN
11/11/2010 12:28,-79.175,8.401,101504,-71.24,1222.126654,1088.105969
11/11/2010 13:41,-79.126,8.371,101504,-7.4632,1260.669843,1139.226071
11/11/2010 15:22,-79.121,8.366,101504,-7.9712,NaN,NaN
11/11/2010 19:49,-79.116,8.37,101504,-6.2,NaN,NaN
12/11/2010 06:53,-79.142,8.397,101504,-16.0168,1274.043676,1149.730166
13/11/2010 02:03,-79.126,8.387,101504,1.3064,1267.443398,1168.611971
13/11/2010 05:32,-79.094,8.36,101504,-9.792,NaN,NaN
13/11/2010 12:47,-79.119,8.398,101504,34.9664,NaN,NaN
13/11/2010 14:33,-79.566,8.294,101504,-82.5968,1120.462933,920.7533464
13/11/2010 19:58,-79.132,8.369,101504,-8.9536,1220.455612,1139.831253
14/11/2010 01:33,-79.131,8.437,101504,-16.806,1367.193693,1230.918066
14/11/2010 06:30,-79.132,8.4,101504,2.84,1274.969957,1180.794202
14/11/2010 19:25,-79.882,8.3,101504,-33.08,1031.148106,1036.691144
15/11/2010 19:37,-79.141,8.371,101504,-13.6564,1193.417251,1138.427305
15/11/2010 20:48,-79.139,8.314,101504,-15.4488,1172.168346,1091.436775
16/11/2010 02:41,-78.904,8.44,101504,51.152,NaN,NaN
16/11/2010 10:21,-79.216,8.385,101504,-79.26,1059.982295,1033.808518
16/11/2010 15:19,-79.104,8.366,101504,-7.1904,NaN,NaN
17/11/2010 09:51,-79.571,8.449,101504,-51.94,970.2760108,1010.228313
18/11/2010 01:57,-79.23,8.392,101504,-81.472,1004.887268,1030.765335
18/11/2010 12:30,-79.089,8.424,101504,-0.0504,NaN,NaN
18/11/2010 14:08,-78.99,8.367,101504,-1.264,NaN,NaN
18/11/2010 20:19,-79.187,8.429,101504,-78.3084,1063.107447,1118.380231
19/11/2010 02:53,-79.09,8.339,101504,-14.664,NaN,NaN
19/11/2010 07:47,-79.113,8.44,101504,-2.692,NaN,NaN
19/11/2010 10:46,-79.122,8.393,101504,16.6712,NaN,NaN
19/11/2010 15:30,-79.053,8.258,101504,-11.6128,NaN,NaN
19/11/2010 20:01,-79.114,8.34,101504,-9.96,NaN,NaN
20/11/2010 07:40,-79.113,8.395,101504,32.58,NaN,NaN
20/11/2010 10:23,-79.135,8.395,101504,-4.54,1183.870687,1220.793675
20/11/2010 15:04,-79.143,8.364,101504,-16.4328,1149.557155,1184.59792
21/11/2010 02:08,-79.13,8.39,101504,1.04,1182.835058,1231.400572
21/11/2010 04:16,-79.065,8.386,101504,-4.184,NaN,NaN
22/11/2010 01:41,-79.138,8.393,101504,-9.2488,1112.494417,1230.674458
22/11/2010 02:18,-79.113,8.406,101504,41.6088,NaN,NaN
22/11/2010 02:19,-79.113,8.406,101504,41.6088,NaN,NaN
22/11/2010 12:02,-79.189,8.368,101504,-73.7152,990.9970241,1145.736301
23/11/2010 01:19,-79.195,8.222,101504,-84.244,845.4062643,1095.76942
23/11/2010 06:31,-79.252,8.166,101504,-90.4304,796.9512756,1009.396865
23/11/2010 09:10,-79.272,8.146,101504,-95.72,790.3121061,982.4534083
23/11/2010 14:35,-79.284,8.044,101504,-102.8944,792.2625112,972.8160827
23/11/2010 21:53,-79.363,8.008,101504,-109.2456,791.7729823,930.4434434
23/11/2010 22:58,-79.313,8.017,101504,-102.3288,785.7025725,959.292916
24/11/2010 10:30,-79.525,7.853,101504,-140.55,689.3705193,774.4396087
24/11/2010 15:54,-79.525,7.734,101504,-171.06,684.7173304,787.1133919
24/11/2010 18:02,-79.553,7.697,101504,-194.4428,682.1002301,779.3469417
24/11/2010 19:12,-79.508,7.745,101504,-161.144,683.4954387,788.4846918
24/11/2010 20:53,-79.606,7.743,101504,-140.32,659.284358,771.2483589
25/11/2010 07:51,-79.66,7.54,101504,-252.48,688.7121246,707.4532639
25/11/2010 13:56,-79.612,7.316,101504,-1404.8528,812.2744386,804.362842
25/11/2010 22:46,-79.875,7.289,101504,-1059.18,798.7507331,786.1220473
26/11/2010 06:02,-79.879,7.215,101504,-2187.404,812.4611351,844.8711836
26/11/2010 13:26,-79.802,6.998,101504,-3104.576,485.4710522,637.061147
27/11/2010 02:13,-79.939,6.771,101504,-3399.9316,481.4190591,612.3524989
27/11/2010 03:50,-79.859,6.755,101504,-3365.104,480.1327723,610.3439401
27/11/2010 06:28,-79.949,6.677,101504,-3394.96,491.9544013,617.5771003
27/11/2010 07:29,-79.958,6.667,101504,-3398.8696,493.6823765,621.8952164
27/11/2010 09:12,-79.99,6.647,101504,-3407.352,496.4045702,624.6095707
27/11/2010 13:09,-79.966,6.577,101504,-3380.6792,511.6026638,656.9967108
27/11/2010 18:39,-79.97,6.491,101504,-3317.86,518.700731,678.5388417
28/11/2010 01:51,-79.938,6.405,101504,-3261.056,524.2382472,683.274226
28/11/2010 02:47,-79.996,6.355,101504,-3214.896,523.6896327,670.9793954
28/11/2010 06:12,-79.996,6.29,101504,-3127.048,517.3714422,674.3580026
28/11/2010 13:41,-80.004,6.182,101504,-3086.2272,551.9169163,719.5446164
28/11/2010 16:13,-79.894,6.081,101504,-3014.2784,627.7689808,681.743282
28/11/2010 19:00,-79.967,6.09,101504,-3019.776,629.294694,706.7568529
29/11/2010 06:08,-79.962,5.952,101504,-3265.2672,638.4520317,699.0690313
29/11/2010 07:11,-79.941,5.964,101504,-3215.0544,640.6730855,701.5034976
29/11/2010 12:15,-79.913,5.867,101504,-3053.51,607.993769,648.0707505
29/11/2010 13:58,-79.945,5.828,101504,-3044.84,611.3446106,647.2921205
29/11/2010 14:56,-79.939,5.824,101504,-3025.952,609.1555058,647.2049538
29/11/2010 17:13,-79.842,5.786,101504,-2659.5584,569.6356461,626.7583349
29/11/2010 18:23,-79.921,5.818,101504,-2934.3792,602.0861283,645.981163
29/11/2010 22:45,-79.907,5.68,101504,-2619.284,585.3405973,615.2144928
30/11/2010 09:38,-79.827,5.505,101504,-3850.648,612.0778813,621.814794
30/11/2010 11:18,-79.777,5.502,101504,-3699.368,593.0750054,613.6674266
30/11/2010 14:34,-79.812,5.422,101504,-3646.432,615.7852269,613.1641245
30/11/2010 18:06,-79.79,5.371,101504,-2695.168,593.6703683,603.8023189
30/11/2010 20:21,-79.799,5.313,101504,-3010.808,750.9176887,632.2832022
01/12/2010 02:31,-79.756,5.239,101504,-2949.4608,727.000621,608.5906784
01/12/2010 03:13,-79.744,5.234,101504,-3183.2784,713.4639334,603.5007609
01/12/2010 05:41,-79.777,5.255,101504,-2690.078,751.5734585,621.3708206
01/12/2010 06:44,-79.758,5.237,101504,-2986.3752,724.4334739,609.2786828
01/12/2010 15:11,-79.624,5.09,101504,-2277.896,659.2702425,578.165271
01/12/2010 20:22,-79.682,5.094,101504,-2860.7152,662.401424,580.239925
02/12/2010 02:52,-79.576,4.977,101504,-2238.0288,621.1082554,567.4354859
02/12/2010 13:43,-79.596,4.804,101504,-2648.4256,625.1155539,601.5511934
02/12/2010 16:29,-79.517,4.6,101504,-2135.58,606.7768155,598.0621754
02/12/2010 21:30,-79.395,4.66,101504,-1804.16,617.0438291,612.578633
03/12/2010 02:29,-79.526,4.709,101504,-1829.276,586.2736337,610.7466445
03/12/2010 21:16,-79.57,4.582,101504,-2572.936,584.4481576,590.1806874
04/12/2010 06:14,-79.756,4.393,101504,-3157.2008,619.6491128,593.8457807
04/12/2010 08:35,-79.736,4.355,101504,-3085.476,629.2665593,592.9171401
04/12/2010 09:47,-79.706,4.337,101504,-3040.0816,637.1465382,590.1907465
04/12/2010 11:28,-79.732,4.29,101504,-3024.424,650.2601726,594.8435986
04/12/2010 19:09,-79.798,4.149,101504,-2857.4656,628.2662291,597.2900292
04/12/2010 22:33,-79.713,4.157,101504,-2653.3744,603.8132601,584.8383141
05/12/2010 01:45,-79.681,4.09,101504,-2597.844,579.6782878,575.4437682
05/12/2010 04:27,-79.69,3.982,101504,-3164.44,523.3750593,563.3090602
05/12/2010 08:26,-79.627,3.905,101504,-3948.136,514.0780059,581.8253409
05/12/2010 12:47,-79.582,3.814,101504,-3135.2128,519.0682437,592.7769003
05/12/2010 14:17,-79.58,3.786,101504,-2897.152,517.0658476,595.9379078
05/12/2010 15:23,-79.594,3.759,101504,-3030.8744,516.3276251,599.3875206
05/12/2010 19:29,-79.539,3.732,101504,-2892.5792,507.5797368,601.9109015
05/12/2010 20:34,-79.502,3.701,101504,-2938.0304,508.2842375,606.6165577
06/12/2010 02:54,-79.451,3.574,101504,-3095.244,509.6982005,605.0598676
06/12/2010 04:09,-79.435,3.571,101504,-3106.578,509.0685055,606.551921
06/12/2010 05:57,-79.436,3.526,101504,-3259.2304,508.0051317,603.6742285
06/12/2010 08:15,-79.428,3.503,101504,-3328.2048,508.3744564,610.3459501
06/12/2010 10:40,-79.42,3.462,101504,-3414.232,509.5032591,620.2389658
06/12/2010 19:14,-79.431,3.33,101504,-3478.056,524.3488321,601.6713682
06/12/2010 20:23,-79.363,3.367,101504,-3588.3512,514.0573982,598.5083349
07/12/2010 05:45,-79.28,3.275,101504,-3730.3,536.5116213,604.7512629
07/12/2010 08:37,-79.275,3.237,101504,-3763.63,542.526412,600.0473349
07/12/2010 17:29,-79.215,3.161,101504,-3737.268,586.2940976,588.8969541
07/12/2010 18:32,-79.214,3.135,101504,-3674.364,595.6172343,589.1332891
08/12/2010 01:07,-79.171,3.077,101504,-3364.102,561.1766195,592.2553935
08/12/2010 01:46,-79.177,3.08,101504,-3401.38,563.7661249,593.3202705
08/12/2010 13:01,-79.214,2.968,101504,-3252.1136,537.6347839,567.8021572
08/12/2010 14:24,-79.158,2.939,101504,-2582.9752,538.1686987,564.7629792
08/12/2010 22:31,-79.189,2.806,101504,-2581.368,555.1147608,579.6519575
09/12/2010 03:26,-79.139,2.844,101504,-2134.8784,546.3133736,576.371439
09/12/2010 14:28,-79.42,2.508,101504,-3787.432,573.3912095,587.1969426
09/12/2010 20:27,-79.24,2.505,101504,-1485.24,607.4854832,608.3491112
10/12/2010 01:22,-79.255,2.439,101504,-1606.968,634.4658909,626.1052721
10/12/2010 06:50,-79.394,2.32,101504,-1924.736,637.480326,618.9879763
10/12/2010 07:36,-79.356,2.325,101504,-1460.38,659.6615106,634.6250028
10/12/2010 13:46,-79.329,2.232,101504,-1120.04,731.6020015,711.9990778
10/12/2010 15:25,-79.343,2.222,101504,-1311.8072,736.8453272,724.731813
10/12/2010 18:38,-79.351,2.209,101504,-1431.082,748.9747334,741.8029084
10/12/2010 20:20,-79.389,2.164,101504,-1691.116,758.6692434,795.1389461
11/12/2010 02:33,-79.416,2.033,101504,-666.2056,726.7077526,812.9312648
11/12/2010 04:02,-79.39,2.041,101504,-644.296,769.066227,859.2029996
11/12/2010 07:18,-79.381,1.99,101504,-551.68,1075.816283,1020.250393
11/12/2010 08:25,-79.388,1.977,101504,-593.1712,1115.167782,1034.606769
11/12/2010 08:39,-79.387,1.982,101504,-585.7408,1094.074366,1024.626401
11/12/2010 13:15,-79.387,1.912,101504,-643.5048,1157.184189,1044.680976
11/12/2010 15:14,-79.409,1.884,101504,-818.1672,1062.413533,973.7553
11/12/2010 18:27,-79.378,1.816,101504,-662.8832,1061.147322,967.2815097
11/12/2010 21:16,-79.411,1.757,101504,-859.558,989.2345878,882.0330175
11/12/2010 22:56,-79.345,1.756,101504,-823.62,1070.941734,955.1232847
12/12/2010 11:26,-79.195,1.573,101504,-708.126,1929.935288,1669.865717
12/12/2010 14:39,-79.265,1.573,101504,-853.626,1471.100822,1246.324687
12/12/2010 18:19,-79.296,1.56,101504,-859.704,1299.787833,1101.223158
12/12/2010 20:51,-79.304,1.513,101504,-813.5384,1283.207391,1093.569173
13/12/2010 01:51,-79.335,1.482,101504,-762.64,1194.098357,1066.149029
13/12/2010 16:04,-79.454,1.374,101504,-632.384,1118.229739,1271.260858
13/12/2010 19:50,-79.467,1.435,101504,-595.364,1048.138219,1072.321777
14/12/2010 02:58,-79.49,1.375,101504,-540.9,1100.153827,1188.418931
14/12/2010 06:48,-79.556,1.35,101504,-600.48,1032.629656,1030.232588
14/12/2010 07:54,-79.564,1.345,101504,-606.228,1028.205141,1015.472886
14/12/2010 19:41,-79.649,1.33,101504,-597.732,987.3287978,862.4295399
15/12/2010 10:47,-79.882,1.192,101504,-76.4864,953.1676865,895.9891459
15/12/2010 21:16,-80.384,1.268,101504,-3813.1392,593.9891611,637.3531376
16/12/2010 12:12,-80.208,0.982,101504,-986.5008,1025.319791,929.7540254
17/12/2010 06:20,-80.55,0.497,101504,-1829.8,604.143686,607.205129
17/12/2010 14:40,-80.629,0.279,101504,-1092.3328,612.5615852,610.3038462
17/12/2010 17:24,-80.618,0.207,101504,-1042.2264,613.7418404,626.449116
17/12/2010 22:09,-80.63,0.168,101504,-1079.984,610.5534951,631.7038454
18/12/2010 01:40,-80.714,0.076,101504,-1250.5808,591.6412006,601.6059011
18/12/2010 03:09,-80.666,0.027,101504,-757.0904,598.081034,630.6721588
18/12/2010 12:29,-80.662,-0.116,101504,-105.3584,616.9741905,680.5226753
18/12/2010 19:59,-80.782,-0.174,101504,-151.648,587.9444168,647.4769953
19/12/2010 01:20,-80.796,-0.249,101504,-99.368,615.1974451,686.1654733
19/12/2010 02:56,-80.849,-0.303,101504,-85.1712,615.136002,671.0545131
20/12/2010 02:03,-80.962,-0.599,101504,-641.2808,609.8889673,603.9282825
20/12/2010 07:29,-80.955,-0.648,101504,-354.796,606.048785,599.8554775
20/12/2010 13:05,-80.944,-0.719,101504,-170.364,613.550483,601.8366504
20/12/2010 15:12,-80.906,-0.755,101504,-148.684,607.6305336,612.5856919
20/12/2010 21:01,-80.953,-0.791,101504,-188.54,595.7073204,620.4682158
21/12/2010 03:50,-81.02,-0.915,101504,-254.06,604.7700652,623.5374287
21/12/2010 11:19,-80.973,-0.96,101504,-187.932,610.6668083,636.8902195
21/12/2010 16:36,-81.032,-0.977,101504,-279.4544,608.590569,630.7589628
21/12/2010 19:59,-81.094,-1.1,101504,-313.76,637.6564799,673.563966
21/12/2010 22:12,-81.034,-1.062,101504,-242.12,631.8139717,661.7978576
22/12/2010 03:19,-81.124,-1.16,101504,-291.208,644.6804622,680.5227861
22/12/2010 08:08,-81.109,-1.213,101504,-111.7412,657.5962285,709.824064
22/12/2010 14:35,-81.03,-1.428,101504,-98.224,780.3052861,731.9552859
22/12/2010 19:18,-81.132,-1.234,101504,-174.2288,660.6177938,705.340667
23/12/2010 01:36,-81.278,-1.36,101504,-1547.44,641.8400924,735.0403678
23/12/2010 05:16,-81.196,-1.439,101504,-410.572,621.1481126,742.136279
23/12/2010 06:20,-81.188,-1.474,101504,-361.3232,621.6697107,741.2658146
23/12/2010 18:00,-81.152,-1.619,101504,-349.316,664.0363469,720.9970333
23/12/2010 19:03,-81.123,-1.626,101504,-177.0464,678.7373002,730.9860722
24/12/2010 08:28,-81.153,-1.75,101504,-167.44,731.379452,747.3687241
25/12/2010 17:38,-81.096,-2.151,101504,-60.9032,957.2877141,851.1137459
25/12/2010 20:25,-81.073,-2.143,101504,-53.9404,1067.388645,880.2098443
26/12/2010 02:13,-81.137,-2.245,101504,-105.252,835.8959619,855.4641991
26/12/2010 12:04,-81.103,-2.404,101504,-192.1864,811.0501264,852.5533156
26/12/2010 13:36,-81.052,-2.368,101504,-100.52,872.2346287,917.4460691
26/12/2010 14:28,-81.107,-2.396,101504,-206.5672,810.8387472,856.0482764
26/12/2010 18:25,-81.152,-2.443,101504,-750.9264,819.4586807,835.7736615
27/12/2010 02:59,-81.165,-2.521,101504,-1323.648,857.2309516,811.4609683
27/12/2010 14:31,-81.137,-2.583,101504,-995.7616,861.7353775,794.6186163
27/12/2010 18:21,-81.098,-2.6,101504,-730.36,860.8094411,801.5984035
27/12/2010 21:27,-81.177,-2.654,101504,-1163.0696,942.1583997,815.0114056
28/12/2010 03:14,-81.157,-2.676,101504,-792.9304,956.6906296,825.2520677
28/12/2010 07:50,-81.164,-2.724,101504,-913.2704,1007.684654,851.2895095
28/12/2010 10:05,-81.097,-2.76,101504,-638.908,953.1001538,853.4370447
28/12/2010 18:53,-81.124,-2.779,101504,-690.8752,985.5399388,866.4759739
28/12/2010 19:45,-81.118,-2.79,101504,-661.8,985.1536647,871.7638332
28/12/2010 22:50,-81.172,-2.828,101504,-724.2704,1037.342804,888.0629141
29/12/2010 02:11,-81.085,-2.769,101504,-604.332,959.7592409,859.3810108
29/12/2010 13:50,-81.26,-2.976,101504,-1465.464,1062.60732,888.3356789
29/12/2010 22:28,-80.948,-3.164,101504,-172.136,1198.44804,1013.073368
30/12/2010 08:27,-81.463,-3.07,101504,-2861.104,1158.384654,1077.745811
30/12/2010 09:20,-81.473,-3.046,101504,-3042.0776,1120.613341,1040.755767
30/12/2010 11:03,-81.502,-3.038,101504,-3210.5984,1100.956505,1060.098013
30/12/2010 13:32,-81.491,-3.054,101504,-3207.3032,1135.873044,1062.81616
30/12/2010 14:29,-81.519,-3.026,101504,-3211.7488,1096.60021,1071.075629
30/12/2010 20:10,-81.576,-3.061,101504,-4200.5896,1205.022696,1080.760661
31/12/2010 03:05,-81.901,-2.982,101504,-3281.64,1261.482253,1160.472241
31/12/2010 13:09,-81.766,-2.984,101504,-3633.5088,1315.205378,1105.61279
31/12/2010 14:10,-81.824,-2.92,101504,-3504.56,1233.792854,1134.38721
31/12/2010 18:24,-81.947,-2.971,101504,-3128.6732,1227.095701,1190.49686
31/12/2010 20:00,-81.903,-2.934,101504,-3161.872,1229.836506,1160.310328
01/01/2011 01:23,-81.969,-2.926,101504,-3017.7544,1168.238943,1204.531249
01/01/2011 06:23,-82.059,-2.854,101504,-2962.2104,1070.618922,1354.996769
01/01/2011 10:12,-82.143,-2.8,101504,-2943.48,992.637081,1298.566955
01/01/2011 14:10,-82.206,-2.823,101504,-2981.5856,1070.482793,1451.879574
01/01/2011 16:05,-82.207,-2.799,101504,-2974.3652,1083.376953,1417.646299
01/01/2011 19:08,-82.284,-2.856,101504,-2937.2608,1209.874166,1467.29357
03/01/2011 15:34,-82.997,-2.982,101504,-3083.3968,1517.189559,1009.397322
03/01/2011 17:52,-83.019,-2.799,101504,-2983.3568,1142.349153,1093.893521
03/01/2011 20:27,-83.028,-2.862,101504,-3007.7504,1204.191073,1017.390368
05/01/2011 08:40,-83.117,-3.252,101504,-3054.9648,1661.461349,1123.894243
05/01/2011 11:44,-83.14,-3.271,101504,-3054.96,1571.651416,1203.634606
05/01/2011 15:28,-83.103,-3.282,101504,-3025.0344,1625.450972,1183.469286
05/01/2011 20:00,-83.049,-3.338,101504,-2948.4112,1612.685144,1302.610033
05/01/2011 22:56,-83.05,-3.352,101504,-2952.4,1578.120879,1348.158189
07/01/2011 06:08,-83.188,-3.313,101504,-3014.9616,1912.95019,1564.253738
07/01/2011 07:03,-83.213,-3.299,101504,-3014.2272,1891.040526,1533.310379
07/01/2011 11:08,-83.238,-3.331,101504,-2979.3808,1929.760211,1605.077213
07/01/2011 21:22,-83.259,-3.465,101504,-2968.22,1722.715778,1626.274897
09/01/2011 02:28,-83.151,-3.457,101504,-2890.9312,2444.156214,1874.348988
09/01/2011 05:42,-83.291,-3.606,101504,-2973.5768,1407.430964,1378.375531
09/01/2011 07:21,-83.297,-3.597,101504,-2982.3896,1438.684591,1387.785706
09/01/2011 12:30,-83.314,-3.543,101504,-2973.1872,1718.939744,1477.606754
09/01/2011 14:12,-83.211,-3.502,101504,-2956.1656,2139.469801,1715.944115
09/01/2011 19:23,-83.31,-3.572,101504,-2985.024,1625.574701,1434.955248
11/01/2011 01:03,-83.447,-3.604,101504,-2976.6304,1058.140797,1280.939911
11/01/2011 03:50,-83.435,-3.658,101504,-2940.116,1066.286997,1339.785981
11/01/2011 06:59,-83.546,-3.596,101504,-3076.7744,1030.509608,1187.490014
11/01/2011 07:52,-83.47,-3.596,101504,-2992.848,1009.486315,1251.032341
11/01/2011 09:30,-83.496,-3.586,101504,-3015.4448,1042.879537,1228.562939
11/01/2011 12:15,-83.495,-3.577,101504,-3015.488,1065.476754,1227.101483
13/01/2011 01:23,-83.65,-3.756,101504,-2990,1148.341972,1306.906566
13/01/2011 03:05,-83.661,-3.749,101504,-3011.3396,1155.62465,1285.652675
13/01/2011 10:20,-83.672,-3.87,101504,-2872.216,1383.948511,1395.68979
13/01/2011 12:24,-83.727,-3.767,101504,-3013.9792,1263.141909,1327.333035
13/01/2011 15:15,-83.714,-3.778,101504,-3004.16,1317.439272,1370.795522
15/01/2011 02:03,-83.938,-3.731,101504,-3192.3792,1344.481634,1195.523759
15/01/2011 09:33,-84.05,-3.784,101504,-3230.76,1547.718168,1199.441583
15/01/2011 11:22,-84.052,-3.763,101504,-3248.2456,1553.096445,1204.644669
15/01/2011 13:07,-84.041,-3.771,101504,-3226.2232,1533.091267,1195.624801
17/01/2011 01:39,-83.901,-3.914,101504,-3171.944,1749.766121,1333.577352
17/01/2011 02:54,-83.892,-3.931,101504,-3103.892,1764.708718,1345.883041
17/01/2011 06:53,-83.908,-3.982,101504,-2893.824,1737.903167,1337.587855
17/01/2011 15:38,-83.868,-4.074,101504,-2929.9488,1805.587734,1458.202677
17/01/2011 20:28,-83.828,-4.077,101504,-3220.9096,1875.074929,1463.103181
17/01/2011 21:27,-83.808,-4.09,101504,-3465.928,1928.20453,1487.85717
19/01/2011 09:42,-83.573,-4.242,101504,-3695.3008,1790.798465,1331.760171
19/01/2011 11:26,-83.535,-4.263,101504,-3667.05,1727.048934,1356.368834
19/01/2011 12:21,-83.589,-4.225,101504,-3766.63,1856.679045,1320.830977
19/01/2011 13:53,-83.524,-4.254,101504,-3662.5696,1723.553472,1335.344571
19/01/2011 19:57,-83.592,-4.457,101504,-3770.7184,1849.283596,1430.732356
21/01/2011 08:50,-83.105,-4.329,101504,-3683.25,2036.261009,1192.938083
21/01/2011 10:30,-83.091,-4.315,101504,-3715.864,1915.436994,1170.883371
21/01/2011 11:51,-83.099,-4.304,101504,-3721.1656,1941.806944,1176.346436
21/01/2011 14:13,-83.027,-4.338,101504,-3741.1448,1553.244228,1104.297791
21/01/2011 15:56,-83.064,-4.285,101504,-3686.04,1686.547151,1136.68311
21/01/2011 18:03,-83.002,-4.293,101504,-3739.2608,1460.701124,1095.09999
21/01/2011 18:50,-82.992,-4.239,101504,-3704.2632,1397.602643,1078.072144
21/01/2011 19:43,-82.993,-4.218,101504,-3696.3264,1381.384691,1073.581358
21/01/2011 20:32,-82.98,-4.209,101504,-3684.268,1338.514644,1061.190839
21/01/2011 21:30,-82.948,-4.203,101504,-3641.5336,1258.835687,1048.937202
23/01/2011 02:06,-82.981,-3.798,101504,-3641.4336,2001.707988,1316.279097
23/01/2011 08:17,-83.006,-3.703,101504,-3545.9048,2033.311338,1408.868955
23/01/2011 13:10,-83.147,-3.674,101504,-2543.8968,2007.218553,1406.159835
23/01/2011 13:32,-83.147,-3.659,101504,-2549.8152,2019.349792,1419.545399
23/01/2011 22:23,-83.187,-3.519,101504,-2956.2552,1959.410336,1600.306133
25/01/2011 19:46,-83.334,-3.166,101504,-3080.9376,850.3230693,1018.080518
27/01/2011 02:54,-83.656,-3.351,101504,-3118.6832,988.9983759,1017.239669
27/01/2011 04:27,-83.661,-3.351,101504,-3120.8192,978.6047144,1015.160758
27/01/2011 09:54,-83.661,-3.4,101504,-3125.26,924.4282248,992.5808493
27/01/2011 12:19,-83.587,-3.383,101504,-3125.6444,924.4610175,1027.087561
27/01/2011 13:37,-83.655,-3.381,101504,-3122.42,919.612646,1004.272347
27/01/2011 15:30,-83.664,-3.355,101504,-3122.984,905.0343289,1007.913493
27/01/2011 18:37,-83.643,-3.346,101504,-3113.1848,876.71132,1012.702614
27/01/2011 19:27,-83.621,-3.328,101504,-3117.4472,858.9566194,1021.282316
27/01/2011 20:46,-83.606,-3.347,101504,-3117.2336,858.0209098,1022.00765
27/01/2011 22:23,-83.58,-3.295,101504,-3121.6,828.5800253,1036.212285
29/01/2011 02:31,-83.671,-3.193,101504,-3123.2076,618.4205785,992.2364372
29/01/2011 12:01,-83.688,-3.25,101504,-3111.68,649.9709375,987.3839515
29/01/2011 14:46,-83.777,-3.189,101504,-3173.92,666.9989069,970.5581197
29/01/2011 16:29,-83.772,-3.172,101504,-3160.2576,662.7660912,983.0291474
29/01/2011 20:47,-83.735,-3.155,101504,-3127.93,636.0103573,989.1171408
29/01/2011 21:33,-83.756,-3.145,101504,-3129.064,647.8227389,995.8333906
31/01/2011 06:52,-83.876,-3.253,101504,-3150.3416,678.0799332,928.4820148
31/01/2011 11:38,-83.728,-3.278,101504,-3124.8,674.0917491,949.1741451
31/01/2011 13:18,-83.739,-3.299,101504,-3136.4808,683.186135,944.5197645
31/01/2011 14:09,-83.752,-3.314,101504,-3147.3168,691.027776,942.2709849
01/02/2011 09:14,-83.716,-3.302,101504,-3122.76,684.0010673,937.8623346
01/02/2011 11:25,-83.704,-3.344,101504,-3136.8528,696.7163648,937.8841831
01/02/2011 13:22,-83.709,-3.342,101504,-3137.8584,699.3043176,935.8589411
01/02/2011 13:47,-83.682,-3.324,101504,-3119.1744,676.9493537,943.1746019
01/02/2011 20:18,-83.648,-3.319,101504,-3113.536,658.0588225,949.5047413
01/02/2011 22:07,-83.593,-3.299,101504,-3124.1948,655.0454199,966.8847464
04/02/2011 01:17,-83.744,-3.307,101504,-3141.7536,706.6938503,899.3538802
04/02/2011 07:02,-83.897,-3.441,101504,-3186.6028,752.3299392,844.1935297
04/02/2011 08:00,-83.968,-3.449,101504,-3122.7912,797.3110788,834.2571097
04/02/2011 09:54,-84.016,-3.439,101504,-3083.7792,803.354184,832.3754881
04/02/2011 15:31,-84.011,-3.509,101504,-3177.7036,767.531216,828.4100218
04/02/2011 18:58,-83.983,-3.489,101504,-3152.226,764.2174252,822.8717372
04/02/2011 20:53,-84,-3.474,101504,-3133,787.5712632,822.4420119
07/02/2011 01:34,-84.081,-3.987,101504,-3204.3384,955.6423497,906.2436452
07/02/2011 02:20,-84.039,-3.97,101504,-3174.156,1012.902034,924.1852934
07/02/2011 08:03,-84.061,-3.963,101504,-3178.6904,992.8238829,912.0662922
07/02/2011 15:06,-84.199,-3.971,101504,-3248.5844,946.7765017,870.7721077
07/02/2011 18:24,-84.078,-4.037,101504,-3131.6816,868.6407787,894.310358
07/02/2011 19:10,-84.055,-4.012,101504,-3170.436,897.0811337,898.5366333
07/02/2011 21:25,-84.424,-4.201,101504,-3301.1232,1055.460746,951.4937354
10/02/2011 02:56,-84.175,-4.307,101504,-3583.19,1119.849185,1018.298652
10/02/2011 04:37,-84.238,-4.337,101504,-3521.2792,1145.750405,1003.995626
10/02/2011 06:48,-84.151,-4.317,101504,-3812.844,1087.667664,1019.689792
10/02/2011 08:35,-84.249,-4.301,101504,-3089.1416,1129.250063,991.5806487
10/02/2011 10:52,-84.226,-4.344,101504,-3637.1392,1143.212976,1005.531434
10/02/2011 13:12,-84.251,-4.376,101504,-3743.7448,1150.101436,1004.759719
10/02/2011 13:58,-84.297,-4.336,101504,-3130.628,1128.269667,981.0045885
10/02/2011 15:36,-84.042,-4.527,101504,-4004.9984,874.4741058,994.2444938
10/02/2011 21:46,-84.25,-4.453,101504,-3872.2,1181.291165,1041.511971
13/02/2011 01:54,-84.098,-4.765,101504,-3900.192,1049.930905,1056.734383
13/02/2011 11:17,-83.993,-4.733,101504,-3847.82,882.5350608,993.7893329
13/02/2011 19:11,-84.542,-5.044,101504,-3927.616,918.7859523,860.9014188
01/11/2010 11:18,-79.206,8.336,101505,-82.3248,946.7061018,914.6134236
01/11/2010 20:24,-79.417,8.062,101505,-100.0256,959.0158024,793.1007604
02/11/2010 04:13,-79.361,8.281,101505,-81.06,943.4479014,793.8190347
02/11/2010 15:22,-79.17,8.209,101505,-61.46,1038.676068,850.7854364
02/11/2010 19:50,-79.287,8.138,101505,-97.7232,958.7103902,774.4299649
03/11/2010 01:23,-79.4,8.114,101505,-102,986.0294292,799.8121606
03/11/2010 02:15,-79.459,8.062,101505,-102.9488,987.1621267,810.6508225
03/11/2010 06:45,-79.449,8.108,101505,-103.48,1023.839317,823.9922722
03/11/2010 08:48,-79.466,8.075,101505,-102.48,1000.357303,817.6726296
03/11/2010 14:03,-79.502,7.949,101505,-110.8272,885.3911252,754.806032
03/11/2010 19:36,-79.529,8.026,101505,-110.4568,937.4639548,804.6150864
03/11/2010 21:34,-79.518,8.003,101505,-106.6288,921.3537696,789.2302198
04/11/2010 12:14,-79.73,7.984,101505,-85.336,833.510177,733.0444404
04/11/2010 22:48,-79.644,7.891,101505,-114.8688,729.9618255,708.0561372
05/11/2010 01:28,-79.679,7.894,101505,-101.42,721.9609592,694.2794549
05/11/2010 08:04,-79.77,7.894,101505,-74.704,728.0389853,675.4057684
05/11/2010 12:34,-79.688,7.791,101505,-118.4024,675.5348521,679.8145
05/11/2010 13:36,-79.734,7.833,101505,-85.0392,680.5390567,667.6729386
05/11/2010 22:29,-79.726,7.853,101505,-82.0984,688.5983661,666.5835617
06/11/2010 01:08,-79.74,7.839,101505,-82.636,684.9362431,666.7791714
06/11/2010 13:42,-79.8,7.769,101505,-92.58,672.1659321,689.0628212
06/11/2010 20:44,-79.815,7.727,101505,-92.82,693.3770012,737.0657165
07/11/2010 04:06,-79.781,7.631,101505,-103.0804,643.7392542,727.8378206
07/11/2010 11:37,-79.787,7.666,101505,-96.7024,651.6248453,724.4615079
07/11/2010 14:58,-79.628,7.565,101505,-268.348,604.1449076,653.1027554
07/11/2010 17:43,-79.619,7.684,101505,-152.1312,698.7743315,694.2392921
07/11/2010 20:31,-79.7,7.601,101505,-165.52,610.4729139,707.9109999
08/11/2010 13:06,-79.664,7.603,101505,-169.416,617.4546236,697.4202441
08/11/2010 22:53,-79.586,7.623,101505,-248.2984,643.3875767,693.4385464
09/11/2010 01:47,-79.745,7.566,101505,-156.288,591.9002768,712.8332919
09/11/2010 07:22,-79.558,7.586,101505,-342.6528,638.6737697,679.6464098
09/11/2010 12:51,-79.472,7.614,101505,-352.7296,671.9889298,698.8359585
09/11/2010 18:30,-79.401,7.578,101505,-353.7264,725.8784039,705.821161
10/11/2010 01:39,-79.194,7.426,101505,-3185.2592,953.6195339,746.6478345
10/11/2010 05:59,-79.333,7.569,101505,-492.992,783.3925149,714.6639656
10/11/2010 15:40,-79.264,7.608,101505,-590.0656,811.5356076,717.862077
11/11/2010 20:21,-78.954,7.566,101505,-1245.2464,1292.431547,958.1981946
12/11/2010 01:13,-78.831,7.563,101505,-1904.8652,1247.149819,954.2704757
12/11/2010 08:30,-78.815,7.505,101505,-3133.94,998.999034,853.3845933
12/11/2010 18:01,-78.74,7.491,101505,-3294.832,849.378662,777.3496635
12/11/2010 19:37,-78.7,7.487,101505,-3145.24,822.9227402,756.762309
13/11/2010 01:07,-78.661,7.493,101505,-2612.4008,818.7146727,755.4527672
13/11/2010 07:08,-78.618,7.465,101505,-2387.284,740.0491472,722.4345839
13/11/2010 09:49,-78.548,7.445,101505,-2080.9,677.086579,692.4567632
13/11/2010 11:29,-78.641,7.45,101505,-2723.9,736.2307923,701.9900338
13/11/2010 13:44,-78.602,7.477,101505,-2186.9184,740.4658975,725.8517811
14/11/2010 01:35,-78.592,7.473,101505,-2164.1712,710.5377778,712.1676194
14/11/2010 03:13,-78.55,7.463,101505,-2061.58,668.1828168,702.2554143
14/11/2010 11:50,-78.448,7.579,101505,-184.5792,722.4880897,724.6719264
14/11/2010 19:52,-78.721,7.629,101505,-160.6796,1047.123539,942.8964176
14/11/2010 22:56,-78.481,7.657,101505,-96.2364,758.664036,758.1973714
15/11/2010 11:38,-78.526,7.758,101505,-78.9776,808.7362453,866.3855165
15/11/2010 15:41,-78.533,7.721,101505,-83.7104,749.9226483,814.6538071
15/11/2010 19:35,-78.561,7.686,101505,-92.2024,760.565848,807.2606546
15/11/2010 20:49,-78.615,7.676,101505,-76.208,837.0249714,860.4406981
16/11/2010 01:00,-78.638,7.653,101505,-113.8168,840.8083354,859.9977416
17/11/2010 13:19,-78.729,7.772,101505,-67.1624,1061.152873,1178.255268
17/11/2010 20:24,-78.718,7.737,101505,-79.7472,959.8359188,1108.197945
18/11/2010 02:00,-78.783,7.745,101505,-89.912,995.5492454,1213.524746
18/11/2010 07:58,-78.762,7.754,101505,-81.3056,952.9085756,1196.053334
19/11/2010 01:39,-78.758,7.761,101505,-72.7736,848.5465731,1195.708648
19/11/2010 07:24,-78.651,7.596,101505,-375.2728,597.5213226,799.6348335
19/11/2010 10:46,-78.74,7.75,101505,-80.6,772.9792366,1148.629628
19/11/2010 15:56,-78.757,7.724,101505,-104.9496,721.2583079,1127.933851
19/11/2010 17:16,-78.702,7.753,101505,-84.3032,722.8739712,1095.487003
19/11/2010 18:24,-78.687,7.745,101505,-95.75,695.4278559,1059.441203
20/11/2010 02:32,-78.674,7.766,101505,-92.72,660.7201324,1066.189288
20/11/2010 10:25,-78.702,7.803,101505,-77.5432,673.8775044,1168.970087
20/11/2010 21:30,-78.702,7.712,101505,-85.8816,538.9819709,1038.49885
21/11/2010 01:15,-78.682,7.776,101505,-89.4704,567.1511339,1087.155397
21/11/2010 18:33,-78.604,7.795,101505,-78.192,578.4950241,1014.751924
21/11/2010 19:47,-78.617,7.809,101505,-75.44,583.1935893,1076.204901
22/11/2010 02:22,-78.647,7.714,101505,-96.1064,554.976704,931.1919332
22/11/2010 06:38,-78.756,7.713,101505,-109.8,557.0107758,1088.79641
22/11/2010 08:29,-78.602,7.778,101505,-80.9552,593.5707106,975.7893542
22/11/2010 12:00,-78.584,7.741,101505,-82.2984,583.197777,888.6179327
22/11/2010 13:13,-78.543,7.731,101505,-79.9576,585.1420701,823.7649106
22/11/2010 18:29,-78.679,7.651,101505,-123.6336,539.1795769,892.3765794
22/11/2010 22:12,-78.433,7.81,101505,-81.032,661.2345875,848.5474287
23/11/2010 03:34,-78.486,7.679,101505,-99.7232,565.9166131,752.5169541
23/11/2010 06:29,-78.693,7.674,101505,-97.4968,554.2604295,949.3901123
23/11/2010 08:13,-78.557,7.692,101505,-91.9336,567.5316719,788.2750137
23/11/2010 09:13,-78.551,7.684,101505,-98.1496,564.6089841,778.4516961
23/11/2010 11:48,-78.572,7.649,101505,-90.6488,543.7700634,777.378082
23/11/2010 16:13,-78.57,7.623,101505,-111.924,532.353202,760.4010174
23/11/2010 21:51,-78.573,7.691,101505,-84.854,574.90011,802.4811708
23/11/2010 22:56,-78.562,7.707,101505,-85.132,588.3724701,799.8975354
24/11/2010 02:39,-78.571,7.675,101505,-89.05,569.1635259,790.7075263
24/11/2010 21:26,-78.581,7.676,101505,-84.0688,579.936668,798.1744867
25/11/2010 01:20,-78.511,7.711,101505,-88.8488,628.0824275,774.791512
25/11/2010 02:58,-78.598,7.672,101505,-82.832,575.5825358,809.1526094
25/11/2010 13:52,-78.577,7.668,101505,-89.0128,586.9352565,788.3537385
25/11/2010 19:31,-78.54,7.663,101505,-99.652,598.5764702,757.8327835
25/11/2010 20:40,-78.559,7.649,101505,-92.5924,582.1513779,764.5564758
25/11/2010 22:43,-78.571,7.7,101505,-84.44,619.0500998,800.5133915
26/11/2010 02:34,-78.651,7.709,101505,-92.0132,596.8911282,914.0582568
26/11/2010 06:31,-78.634,7.756,101505,-90.52,673.8141084,959.127636
26/11/2010 08:18,-78.575,7.756,101505,-80.18,713.832417,898.5187224
26/11/2010 11:14,-78.567,7.836,101505,-80.96,801.870484,1066.647411
26/11/2010 19:19,-78.383,7.823,101505,-79.6888,813.7080091,871.3861798
27/11/2010 03:11,-78.673,7.686,101505,-83.9392,608.4087616,921.8969297
27/11/2010 03:53,-78.635,7.725,101505,-95.5,633.5854181,903.888995
27/11/2010 06:22,-78.637,7.712,101505,-90.4352,609.2340751,885.3357616
27/11/2010 13:57,-78.579,7.685,101505,-81.83,630.5489156,795.0758366
27/11/2010 19:11,-78.608,7.658,101505,-97.8432,600.671895,798.6663384
28/11/2010 09:02,-78.627,7.748,101505,-93.0088,711.790248,924.7990269
28/11/2010 10:28,-78.619,7.756,101505,-89.62,741.1666274,931.0074203
28/11/2010 16:12,-78.626,7.677,101505,-78.5832,605.2326371,824.1792214
28/11/2010 21:28,-78.688,7.663,101505,-108.2592,627.2731012,905.8232939
29/11/2010 01:12,-78.555,7.687,101505,-94.804,680.1585432,773.2569804
29/11/2010 02:23,-78.53,7.691,101505,-98.628,694.231208,761.7111786
29/11/2010 07:15,-78.716,7.772,101505,-74.4144,691.9504404,1077.534129
29/11/2010 10:02,-78.825,7.85,101505,-77,922.6273977,1233.287955
29/11/2010 17:12,-78.583,7.637,101505,-85.6916,617.4774718,766.0800655
29/11/2010 22:45,-78.586,7.656,101505,-92.5248,630.5188734,777.8999721
30/11/2010 01:04,-78.6,7.694,101505,-74.28,640.6984297,810.2206062
30/11/2010 07:31,-78.641,7.728,101505,-97.6888,677.6580884,905.9133157
30/11/2010 09:37,-78.741,7.728,101505,-95.7744,702.7209407,1044.094697
30/11/2010 15:33,-78.282,7.8,101505,720.68,NaN,NaN
01/12/2010 01:32,-78.688,7.711,101505,-86.6016,658.6263861,974.0510028
01/12/2010 14:03,-78.804,7.804,101505,-79.9968,786.6012924,1182.846251
01/12/2010 20:11,-78.759,7.691,101505,-111.2052,692.6398975,984.6659548
02/12/2010 07:16,-78.738,7.731,101505,-92.1384,684.0043174,1034.241513
02/12/2010 13:07,-78.71,7.684,101505,-97.536,656.9510795,965.2583866
03/12/2010 03:36,-78.766,7.71,101505,-110.76,693.5252274,1000.34507
03/12/2010 18:07,-78.74,7.671,101505,-111.072,662.703403,940.8174653
03/12/2010 22:47,-78.643,7.704,101505,-85.0976,645.567765,858.3319527
04/12/2010 03:06,-78.694,7.727,101505,-88.176,666.865089,987.7725506
04/12/2010 14:39,-78.694,7.705,101505,-85.824,662.7290067,967.0237496
05/12/2010 13:49,-78.447,7.488,101505,-1053.4112,689.613613,699.9474938
05/12/2010 20:22,-78.571,7.76,101505,-79.964,843.6689834,887.4367521
06/12/2010 01:22,-78.609,7.708,101505,-80.0544,659.1902874,802.0342859
06/12/2010 04:08,-78.586,7.782,101505,-80.1056,927.2757514,938.6795497
06/12/2010 08:10,-78.618,7.803,101505,-75.74,992.9936366,990.7518495
06/12/2010 21:45,-78.916,7.566,101505,-1500.856,605.8417907,805.945589
07/12/2010 02:28,-78.563,7.715,101505,-82.51,694.9513886,784.4411457
07/12/2010 06:15,-78.444,7.807,101505,-81.26,777.947035,836.8804709
07/12/2010 08:02,-78.536,7.772,101505,-78.5824,869.010526,893.5539831
07/12/2010 14:46,-78.508,7.729,101505,-83.4352,719.8902834,784.5015245
07/12/2010 16:22,-78.522,7.752,101505,-80.0768,791.1248128,835.9044987
07/12/2010 22:58,-78.462,7.77,101505,-87.272,714.9613676,787.4688511
08/12/2010 06:06,-78.49,7.754,101505,-83.768,750.6387266,805.4794152
08/12/2010 14:19,-78.479,7.743,101505,-83.8324,720.6789589,781.8696905
08/12/2010 16:05,-78.457,7.669,101505,-72.7176,698.6964783,737.8589231
09/12/2010 08:47,-78.272,7.609,101505,-76.1496,749.8264085,764.5393454
09/12/2010 17:08,-78.432,7.654,101505,-71.888,720.9556797,744.27085
09/12/2010 18:14,-78.453,7.702,101505,-67.4936,681.964121,741.1329616
10/12/2010 02:51,-78.64,7.747,101505,-94.264,831.2250365,890.7547466
10/12/2010 05:50,-78.486,7.672,101505,-99.8576,682.8889924,739.4392086
10/12/2010 08:37,-78.485,7.689,101505,-96.374,680.0329874,741.2452121
10/12/2010 10:40,-78.495,7.675,101505,-102.5,679.0550171,740.3087495
10/12/2010 16:58,-78.427,7.608,101505,-86.4336,726.0120162,742.8631739
10/12/2010 22:54,-78.486,7.688,101505,-97.1648,679.3022431,740.6614166
11/12/2010 02:19,-78.661,7.669,101505,-98.5144,768.0932893,832.1370561
11/12/2010 10:19,-78.551,7.737,101505,-78.84,793.1309511,821.3809275
11/12/2010 19:36,-78.405,7.668,101505,-71.34,719.552704,752.7147101
11/12/2010 22:43,-78.552,7.733,101505,-79.1776,778.9303708,811.6156739
12/12/2010 02:19,-78.561,7.718,101505,-81.8128,715.8754901,779.3333796
12/12/2010 08:11,-78.655,7.739,101505,-98.272,919.499322,892.9457298
12/12/2010 13:14,-78.648,7.711,101505,-93.5024,824.8886887,840.2517975
12/12/2010 16:21,-78.709,7.679,101505,-99.6184,1040.677152,924.997483
12/12/2010 18:14,-78.807,7.649,101505,-162.6248,761.5986706,840.3591674
13/12/2010 01:40,-78.588,7.692,101505,-77.9856,674.6764988,760.1270156
13/12/2010 11:14,-78.485,7.706,101505,-87.944,679.1959136,738.6936285
14/12/2010 10:56,-78.515,7.803,101505,-77.944,1012.598653,916.6592609
14/12/2010 15:33,-78.478,7.787,101505,-81.3296,834.5732576,823.8639051
15/12/2010 02:40,-78.483,7.781,101505,-81.4972,841.5400044,825.4768174
15/12/2010 08:16,-78.581,7.809,101505,-79.8156,1015.016557,959.7738206
15/12/2010 13:41,-78.592,7.771,101505,-81.5096,881.2368513,895.3622135
15/12/2010 15:11,-78.607,7.792,101505,-78.3216,903.1563232,937.2337195
15/12/2010 18:45,-78.661,7.738,101505,-98.7688,1030.362954,886.2286418
15/12/2010 20:34,-78.683,7.781,101505,-87.7856,1273.211857,945.1836083
16/12/2010 02:24,-78.66,7.808,101505,-76.344,1127.884704,952.0020153
16/12/2010 17:37,-78.697,7.836,101505,-73.04,1270.820787,946.9421801
16/12/2010 20:16,-78.695,7.756,101505,-89.192,1228.965562,942.2972774
17/12/2010 18:32,-78.844,7.74,101505,-89.072,933.6453401,844.0024523
17/12/2010 20:12,-78.733,7.779,101505,-62.0636,1264.869922,968.0566034
18/12/2010 22:59,-78.564,7.749,101505,-78.9,788.5910741,841.0247286
19/12/2010 01:11,-78.57,7.734,101505,-80.552,762.3753149,808.148875
19/12/2010 02:51,-78.536,7.715,101505,-85.42,723.9741237,759.2620796
19/12/2010 06:53,-78.412,7.82,101505,-81.576,806.8646166,857.4358192
19/12/2010 10:21,-78.554,7.774,101505,-80.3488,820.9917349,896.4758372
19/12/2010 13:16,-78.597,7.776,101505,-81.1616,794.9657367,894.0636404
19/12/2010 15:26,-78.562,7.767,101505,-79.7512,800.1550598,879.3207892
20/12/2010 02:23,-78.537,7.643,101505,-96.8152,734.9679586,733.4186011
20/12/2010 06:47,-78.559,7.943,101505,-64.18,1090.930674,1136.194645
20/12/2010 07:30,-78.581,7.943,101505,-62.8988,1049.601211,1124.815684
20/12/2010 22:35,-78.554,7.903,101505,-79.2664,899.8644484,1039.128108
21/12/2010 02:04,-78.585,7.912,101505,-68.384,893.0132755,1055.072805
21/12/2010 05:33,-78.621,7.976,101505,-73.8312,987.1406245,1147.246379
21/12/2010 14:36,-78.693,7.958,101505,-75.3432,786.1172747,1018.291604
21/12/2010 22:13,-78.71,7.801,101505,-74.092,725.3833923,926.6756131
22/12/2010 01:57,-78.603,7.904,101505,-72.7832,778.3916073,1031.015808
22/12/2010 03:40,-78.604,7.9,101505,-74.24,764.2929802,1023.629183
22/12/2010 05:24,-78.635,7.977,101505,-73.978,888.2538566,1123.968434
22/12/2010 07:13,-78.642,7.9,101505,-71.44,720.457126,1004.746055
22/12/2010 11:03,-78.598,7.944,101505,-65.6064,837.149663,1098.448682
22/12/2010 14:32,-78.556,7.892,101505,-83.08,756.4933235,1002.58204
22/12/2010 20:18,-78.632,7.973,101505,-72.6792,816.0533367,1115.89509
23/12/2010 01:41,-78.583,7.908,101505,-70.2296,756.5178047,1032.016058
23/12/2010 03:18,-78.557,7.916,101505,-72.0664,840.3829045,1051.733507
23/12/2010 06:18,-78.478,7.913,101505,-82.6088,879.855157,1060.736107
23/12/2010 10:25,-78.484,7.915,101505,-83.472,903.8697965,1061.914271
23/12/2010 13:51,-78.762,7.944,101505,-74.9408,654.7299578,1023.077144
23/12/2010 18:09,-78.675,7.88,101505,-71.8,706.5691216,939.1814277
23/12/2010 20:45,-78.666,7.875,101505,-73.08,719.7629045,940.4071298
23/12/2010 21:35,-78.68,7.876,101505,-71.728,715.264696,929.6870261
24/12/2010 06:42,-78.602,7.853,101505,-79.0816,798.1959528,950.1114867
24/12/2010 07:45,-78.601,7.87,101505,-79.812,798.2754218,961.8448174
24/12/2010 13:49,-78.55,7.895,101505,-83.8,908.457337,995.7795884
24/12/2010 19:32,-78.488,7.832,101505,-74.48,831.649174,906.6900625
24/12/2010 21:10,-78.547,7.89,101505,-86.14,924.4766884,982.639784
24/12/2010 22:50,-78.536,7.899,101505,-84.88,969.6390976,1004.408892
25/12/2010 01:07,-78.489,7.837,101505,-75.56,855.4245059,914.725623
25/12/2010 02:08,-78.469,7.86,101505,-78.416,868.8832757,958.0089552
25/12/2010 05:51,-78.534,7.818,101505,-81.9968,873.452182,915.9276963
25/12/2010 13:47,-78.521,7.824,101505,-79.34,903.8565574,910.2629019
26/12/2010 03:52,-78.518,7.735,101505,-81.74,866.0832249,788.7722597
26/12/2010 09:19,-78.54,7.764,101505,-78.432,923.6367374,853.3696873
26/12/2010 17:37,-78.537,7.743,101505,-79.2,914.6587507,813.6155221
26/12/2010 18:34,-78.528,7.737,101505,-80.42,902.4557521,797.7180888
27/12/2010 06:15,-78.564,7.692,101505,-89.0272,898.9012487,757.0112514
27/12/2010 07:10,-78.565,7.693,101505,-88.348,901.0877854,757.510434
27/12/2010 08:48,-78.547,7.701,101505,-91,889.9802749,755.7402683
27/12/2010 16:08,-78.589,7.742,101505,-83.8368,1002.629644,818.1214038
27/12/2010 22:52,-78.568,7.709,101505,-83.6624,930.9045111,763.69673
28/12/2010 01:37,-78.54,7.732,101505,-79.936,963.5652371,795.8867719
28/12/2010 02:42,-78.588,7.657,101505,-92.1048,927.2981796,754.8145917
28/12/2010 07:06,-78.656,7.677,101505,-87.1792,998.829588,807.3395742
28/12/2010 18:06,-78.444,7.642,101505,-66.0672,848.3221008,729.4867773
28/12/2010 19:56,-78.532,7.701,101505,-93.5352,923.1752894,753.5879963
28/12/2010 22:52,-78.56,7.707,101505,-85.48,954.5838649,761.930627
29/12/2010 02:14,-78.543,7.721,101505,-82.2616,981.4227454,779.0841665
29/12/2010 06:47,-78.587,7.712,101505,-82.0104,1004.570928,773.3529755
29/12/2010 13:53,-78.606,7.739,101505,-89.6976,1105.20329,813.8766292
29/12/2010 19:42,-78.555,7.778,101505,-80.932,1171.064227,866.4561755
30/12/2010 05:40,-78.623,8.134,101505,-43.6856,1820.771525,1616.267209
30/12/2010 06:42,-78.558,8.087,101505,-43.6312,1867.947114,1593.556985
30/12/2010 07:21,-78.589,8.091,101505,-46.0128,1894.140368,1526.948005
30/12/2010 22:09,-79.085,8.177,101505,-46.984,2965.948086,1357.936475
31/12/2010 03:51,-78.728,7.97,101505,-86.6,1511.458365,969.7636934
31/12/2010 10:55,-78.713,7.948,101505,-84.42,1414.659752,937.4582448
31/12/2010 20:04,-78.866,7.884,101505,-75.0368,1083.176388,830.0999
01/01/2011 01:23,-78.869,7.961,101505,-60.2572,1314.713111,979.0687212
01/01/2011 01:49,-78.904,7.968,101505,-65.6608,1375.744395,968.976899
01/01/2011 05:25,-78.93,7.996,101505,-52.896,1541.182713,1001.458403
01/01/2011 08:30,-78.924,8.004,101505,-51.7968,1553.011581,1015.115855
01/01/2011 10:10,-78.949,7.982,101505,-51.78,1438.46044,968.626204
01/01/2011 14:02,-79.004,8.045,101505,-69.04,2060.470144,1150.730188
01/01/2011 21:18,-79.167,7.915,101505,-97.318,1698.574166,1067.585194
01/01/2011 22:58,-79.202,7.95,101505,-92.12,1924.148789,1079.345604
03/01/2011 02:07,-79.242,8.088,101505,-99.52,1431.816688,1084.339849
03/01/2011 04:28,-79.299,8.14,101505,-99.432,1108.503146,994.3653933
03/01/2011 07:43,-79.15,7.96,101505,-90.8,1350.607574,1078.672273
03/01/2011 12:04,-79.173,7.939,101505,-93.98,1256.817193,1056.352858
03/01/2011 15:18,-79.038,7.89,101505,-73.024,939.231797,971.3114242
05/01/2011 01:18,-79.034,7.975,101505,-62.92,751.3907586,1053.299482
05/01/2011 03:52,-78.932,8.011,101505,-49.7616,770.6428583,996.038836
05/01/2011 17:32,-78.861,7.968,101505,-56.3656,786.8117241,943.9800472
05/01/2011 21:15,-78.953,7.946,101505,-59.92,738.3785034,906.813774
05/01/2011 22:44,-78.892,7.951,101505,-66.9288,764.8759042,918.556372
07/01/2011 02:10,-78.771,7.846,101505,-60.4048,717.0006507,848.5446737
07/01/2011 19:39,-78.492,7.774,101505,-80.8288,752.6307211,805.7463633
07/01/2011 20:31,-78.622,7.682,101505,-69.2064,697.5587043,779.8699842
09/01/2011 03:02,-78.48,7.682,101505,-95.4,699.354811,733.667148
09/01/2011 04:08,-78.449,7.688,101505,-64.7096,690.4372849,728.2574294
09/01/2011 06:31,-78.484,7.646,101505,-97.1888,685.8921034,721.5616142
09/01/2011 07:21,-78.478,7.646,101505,-90.6672,685.2004245,718.1750755
09/01/2011 10:21,-78.484,7.646,101505,-97.1888,686.3718752,721.4532481
09/01/2011 17:44,-78.427,7.587,101505,-124.6212,722.8642809,716.5923905
09/01/2011 19:21,-78.454,7.591,101505,-138.7312,704.7768248,701.9151688
09/01/2011 20:13,-78.502,7.629,101505,-101.7824,680.0448971,725.103633
11/01/2011 01:43,-78.216,7.528,101505,-26.208,735.1886198,731.2518087
11/01/2011 03:25,-78.204,7.526,101505,-22.704,NaN,NaN
11/01/2011 07:00,-78.208,7.506,101505,-37.7184,NaN,NaN
11/01/2011 07:54,-78.232,7.514,101505,-69.568,732.679668,727.5602283
13/01/2011 07:30,-78.531,7.842,101505,-81.1,825.3119404,834.6087362
13/01/2011 08:40,-78.542,7.866,101505,-85.7808,835.3195582,839.4621589
15/01/2011 02:00,-78.644,7.721,101505,-97.8544,803.2072458,806.1732603
15/01/2011 03:43,-78.648,7.717,101505,-99.1696,805.6247873,807.046828
15/01/2011 07:12,-78.646,7.698,101505,-81.2576,800.5885067,801.4163516
15/01/2011 20:41,-78.586,7.735,101505,-83.616,794.4857794,796.8208434
17/01/2011 01:22,-78.524,7.648,101505,-99.3968,774.009367,751.404862
17/01/2011 03:15,-78.534,7.656,101505,-98.7424,779.8966235,762.5992644
17/01/2011 07:43,-78.51,7.624,101505,-108.992,768.312896,731.4790426
17/01/2011 10:25,-78.564,7.644,101505,-89.8624,811.0988603,771.5938703
17/01/2011 12:26,-78.549,7.658,101505,-97.5952,796.2305529,772.8974178
19/01/2011 08:10,-78.674,7.764,101505,-93.56,924.1685462,855.2944165
19/01/2011 13:58,-78.751,7.655,101505,-124.372,977.877094,827.1814677
19/01/2011 16:32,-78.788,7.734,101505,-97.3936,943.5778407,874.6779643
21/01/2011 06:02,-78.727,7.762,101505,-71.2896,973.4743282,901.5007632
23/01/2011 06:32,-78.51,7.797,101505,-77.128,876.4493553,878.1106377
23/01/2011 08:17,-78.514,7.794,101505,-77.1904,873.4896981,873.8510232
23/01/2011 13:10,-78.474,7.776,101505,-84.3136,862.6377218,863.9155122
23/01/2011 19:21,-78.477,7.755,101505,-85.042,837.4327629,844.1516093
25/01/2011 01:49,-78.546,7.724,101505,-81.1888,808.2097647,848.3242165
25/01/2011 01:55,-78.543,7.721,101505,-82.2616,803.9804904,847.0346815
25/01/2011 06:13,-78.546,7.709,101505,-86.86,797.8129872,841.2030869
25/01/2011 07:55,-78.564,7.715,101505,-82.48,814.8475252,841.1910051
25/01/2011 14:21,-78.568,7.707,101505,-84.0752,813.8971913,835.3281777
25/01/2011 16:10,-78.6,7.646,101505,-94.32,871.0417646,820.9145078
27/01/2011 02:56,-78.475,7.676,101505,-90,738.9699032,794.1981062
27/01/2011 08:25,-78.544,7.627,101505,-111.1328,812.3097849,811.4176296
27/01/2011 12:16,-78.466,7.636,101505,-74.1744,695.8462742,762.2885458
27/01/2011 13:48,-78.477,7.649,101505,-90.6312,719.6847226,779.5954501
27/01/2011 15:28,-78.538,7.652,101505,-97.4656,797.9934451,823.8628133
27/01/2011 17:01,-78.458,7.646,101505,-69.7392,691.8375395,765.4585982
27/01/2011 20:53,-78.562,7.666,101505,-93.5824,809.9147134,834.3868693
29/01/2011 06:17,-78.452,7.909,101505,-74.2352,967.8294993,1418.173956
29/01/2011 08:57,-78.578,7.914,101505,-68.5088,863.8686105,1195.198485
29/01/2011 16:26,-78.661,7.992,101505,-71.2176,1041.731602,1238.844348
29/01/2011 20:54,-78.724,7.897,101505,-73.1432,834.2445092,1156.493302
31/01/2011 01:29,-78.617,7.744,101505,-92.7544,795.6834057,925.0432448
31/01/2011 02:10,-78.669,7.776,101505,-87.8168,804.4998835,1061.879537
31/01/2011 03:08,-78.625,7.739,101505,-94.48,793.7871025,914.0795545
31/01/2011 05:57,-78.596,7.75,101505,-85.56,803.3044729,933.3898794
31/01/2011 07:39,-78.642,7.755,101505,-91.42,797.24588,979.6949139
31/01/2011 18:46,-78.714,7.731,101505,-82.3656,816.4835516,1022.748357
31/01/2011 19:41,-78.706,7.749,101505,-81.4928,815.9795331,1049.402388
31/01/2011 20:31,-78.769,7.771,101505,-64.4292,818.0777591,1217.982996
01/02/2011 06:42,-78.764,7.85,101505,-57.52,854.147171,1198.878258
01/02/2011 08:19,-78.731,7.86,101505,-62.096,835.5800428,1213.465739
01/02/2011 09:10,-78.768,7.866,101505,-57.2128,866.7619113,1185.677942
01/02/2011 11:05,-78.797,7.855,101505,-66.6,883.696022,1183.641691
01/02/2011 11:19,-78.785,7.861,101505,-61.2,877.4201397,1181.236992
01/02/2011 13:40,-78.88,7.881,101505,-70.748,1003.226658,1160.845804
01/02/2011 15:20,-78.751,7.817,101505,-54.3988,834.3396453,1226.517424
01/02/2011 17:53,-78.842,7.859,101505,-78.88,937.3827648,1166.449264
01/02/2011 19:33,-78.899,7.853,101505,-63.2016,1048.345881,1168.200595
01/02/2011 20:20,-78.902,7.863,101505,-62.7864,1063.943649,1173.622381
01/02/2011 22:10,-78.836,7.86,101505,-77.92,932.2899152,1172.406711
04/02/2011 01:46,-78.702,7.759,101505,-84.0296,819.0995317,1124.361228
04/02/2011 06:05,-78.739,7.777,101505,-60.0828,844.5915445,1258.700687
04/02/2011 07:58,-78.81,7.665,101505,-117.38,944.834395,1103.650277
04/02/2011 14:02,-78.467,7.842,101505,-75.0608,977.2697595,1178.615713
04/02/2011 20:56,-78.654,7.746,101505,-96.2944,811.0114372,1019.495257
04/02/2011 22:35,-78.685,7.75,101505,-98.6,818.8773578,1082.579327
07/02/2011 02:21,-78.616,7.733,101505,-93.6608,792.2916372,944.0006681
07/02/2011 12:37,-78.682,7.709,101505,-86.4928,807.6244688,956.5873657
07/02/2011 19:12,-78.74,7.689,101505,-108.048,854.4810235,1112.602394
07/02/2011 20:12,-78.694,7.732,101505,-89.016,798.3301156,1069.439896
07/02/2011 22:58,-78.67,7.744,101505,-98.84,784.9362214,1073.825362
10/02/2011 01:23,-78.663,7.832,101505,-74.8424,743.7221644,1386.74713
10/02/2011 09:04,-78.656,7.888,101505,-72.6208,757.7228958,1491.535515
10/02/2011 18:39,-78.668,7.818,101505,-76.0672,732.6690872,1374.798368
10/02/2011 20:26,-78.682,7.842,101505,-74.0016,739.9630264,1440.514745
13/02/2011 01:23,-78.608,7.794,101505,-77.9328,686.0305813,1231.798182
13/02/2011 02:04,-78.579,7.797,101505,-80.4732,695.8265457,1174.862827
13/02/2011 02:37,-78.598,7.761,101505,-83.9568,688.978453,1088.296473
13/02/2011 22:20,-78.618,7.658,101505,-104.5488,679.187722,903.0376586
16/02/2011 01:01,-78.48,7.756,101505,-84.856,908.2681085,1046.462415
16/02/2011 03:11,-78.552,7.818,101505,-83.6096,1099.87619,1236.26977
16/02/2011 06:24,-78.452,7.909,101505,-74.2352,1901.100622,2069.952042
16/02/2011 13:37,-78.589,7.733,101505,-84.6728,946.7709094,1025.772445
19/02/2011 02:06,-78.639,7.781,101505,-79.1676,1820.29596,1342.119821
19/02/2011 05:16,-78.542,7.724,101505,-81.6976,1212.522225,1060.619938
19/02/2011 05:57,-78.553,7.73,101505,-79.744,1224.101299,1065.641103
19/02/2011 07:34,-78.562,7.746,101505,-78.96,1300.667703,1099.515553
19/02/2011 11:08,-78.602,7.674,101505,-80.6336,1061.263789,968.9026942
19/02/2011 15:55,-78.603,7.627,101505,-102.456,1136.351826,974.2315958
19/02/2011 18:02,-78.586,7.647,101505,-93.144,1118.201112,970.3885987
19/02/2011 18:45,-78.533,7.676,101505,-102.0488,1161.814942,996.5089235
19/02/2011 20:25,-78.556,7.643,101505,-93.4312,1124.718094,960.5012615
22/02/2011 02:27,-78.482,7.584,101505,-252.5472,949.8913991,867.5651196
22/02/2011 09:15,-78.414,7.646,101505,-87.2704,1105.866603,927.428681
22/02/2011 10:59,-78.492,7.652,101505,-100.2896,1167.63134,957.6613495
22/02/2011 13:25,-78.468,7.627,101505,-79.3424,1036.662122,916.567574
22/02/2011 20:21,-78.453,7.633,101505,-65.0652,1029.162189,918.9353716
22/02/2011 22:01,-78.524,7.669,101505,-103.6016,1258.048782,1009.461299
25/02/2011 01:17,-78.621,7.783,101505,-78.8704,1881.598688,1416.399373
25/02/2011 01:19,-78.621,7.783,101505,-78.8704,1881.376004,1416.423556
25/02/2011 02:48,-78.608,7.802,101505,-76.92,1978.577079,1461.326976
25/02/2011 12:15,-78.66,7.829,101505,-74.756,2286.397773,1652.574266
25/02/2011 13:56,-78.664,7.832,101505,-74.9072,2290.467994,1666.013214
25/02/2011 15:33,-78.671,7.741,101505,-98.558,1563.06179,1302.689739
25/02/2011 18:40,-78.878,7.814,101505,-81.5888,2020.318223,1610.527997
25/02/2011 19:22,-78.842,7.824,101505,-88.9824,2172.201178,1657.072855
25/02/2011 22:45,-78.71,7.893,101505,-71.812,2283.909977,1852.370924
28/02/2011 08:37,-78.998,7.958,101505,-60.76,1492.558393,1755.808097
28/02/2011 19:57,-79.122,8.077,101505,-66.0152,1629.099859,2250.056569
28/02/2011 21:20,-79.091,8.024,101505,-79.6704,1482.901821,1968.802873
01/03/2011 01:27,-79.216,7.991,101505,-95.3184,1822.643189,1963.794268
01/03/2011 06:52,-79.043,8.004,101505,-63.7792,1346.310837,1918.979481
01/03/2011 08:36,-79.137,7.987,101505,-86.2916,1462.655504,1880.500386
01/03/2011 20:49,-79.408,7.97,101505,-108.864,1214.52457,1654.687618
04/03/2011 02:13,-79.049,7.983,101505,-60.16,1310.199986,1912.943354
04/03/2011 06:26,-78.991,8.058,101505,-69.1024,1757.028759,2048.264972
04/03/2011 11:59,-78.959,7.952,101505,-57.4744,1563.043794,1876.847743
04/03/2011 16:19,-78.998,8.137,101505,-56.1168,2171.801611,2439.666968
04/03/2011 21:16,-78.541,7.78,101505,-79.996,1223.248493,1325.122616
07/03/2011 01:08,-78.776,7.954,101505,-69.0512,2119.607138,2118.392464
07/03/2011 02:43,-78.704,7.91,101505,-71.536,2352.029133,2202.284687
07/03/2011 05:47,-78.759,7.916,101505,-75.9032,2322.891682,2143.991821
07/03/2011 06:28,-78.721,7.88,101505,-69.256,2509.409489,2004.65104
07/03/2011 08:07,-78.733,7.921,101505,-81.4704,2355.548618,2233.062695
07/03/2011 10:51,-78.651,7.921,101505,-63.8556,2193.379132,2155.269368
07/03/2011 12:54,-78.587,7.862,101505,-80.2816,2002.443894,1733.615651
07/03/2011 15:24,-78.689,7.85,101505,-72.32,2426.105408,1886.409917
10/03/2011 02:57,-78.604,7.622,101505,-111.768,866.5027342,1174.131468
10/03/2011 03:27,-78.567,7.636,101505,-88.0952,841.6836057,1111.457028
10/03/2011 05:19,-78.572,7.605,101505,-218.86,847.2570933,1065.189634
10/03/2011 07:00,-78.598,7.585,101505,-451.616,871.6260894,1079.9092
10/03/2011 08:41,-78.623,7.438,101505,-2546.5024,806.8902524,951.2464101
10/03/2011 20:38,-78.624,7.698,101505,-74.7712,930.2992122,1238.370502
13/03/2011 02:19,-78.894,7.683,101505,-114.4216,2442.708682,1815.239823
13/03/2011 04:03,-78.936,7.665,101505,-131.056,1967.315184,1633.893753
13/03/2011 08:47,-79.089,7.613,101505,-682.3876,1243.762777,1380.709435
13/03/2011 10:03,-79.036,7.582,101505,-986.3328,1292.051277,1328.84401
13/03/2011 14:54,-78.95,7.546,101505,-1672.84,1190.736953,1329.461756
13/03/2011 18:11,-79.166,7.454,101505,-2768.8176,1159.069786,1294.088775
13/03/2011 19:53,-79.242,7.458,101505,-2557.9184,1320.125187,1438.310962
13/03/2011 21:06,-79.258,7.546,101505,-852.2336,1504.156098,1885.619104
13/03/2011 22:56,-79.277,7.558,101505,-682.9928,1584.299498,2054.331869
16/03/2011 02:16,-79.348,7.488,101505,-1346.2752,1864.65325,1880.003662
16/03/2011 03:02,-79.343,7.485,101505,-1454.514,1864.406979,1859.345609
16/03/2011 08:47,-79.323,7.472,101505,-1938.968,1880.232179,1766.720157
16/03/2011 10:36,-79.18,7.504,101505,-1586.288,1664.12806,1434.590519
16/03/2011 13:53,-79.333,7.445,101505,-2490.404,1887.929035,1663.619125
16/03/2011 19:20,-79.382,7.397,101505,-2854.1176,1915.932921,1600.915796
16/03/2011 21:00,-79.391,7.401,101505,-2738.5824,1956.599498,1665.993732
16/03/2011 21:33,-79.357,7.379,101505,-3108.5736,1833.280361,1460.562394
19/03/2011 05:59,-79.217,7.114,101505,-2671.1648,1556.237074,1221.522845
19/03/2011 09:12,-79.245,7.121,101505,-2498.714,1637.725769,1247.027252
19/03/2011 13:57,-79.222,7.127,101505,-2579.7984,1592.938001,1225.237404
19/03/2011 16:10,-79.22,7.163,101505,-2137.628,1639.668865,1233.637042
19/03/2011 20:24,-79.283,7.092,101505,-2685.4992,1629.999023,1258.39611
19/03/2011 21:57,-79.248,7.164,101505,-2176.576,1706.705959,1258.370136
22/03/2011 15:14,-78.934,7.366,101505,-3175.5632,3141.123854,1712.769394
22/03/2011 18:17,-78.854,7.426,101505,-3192.3648,2663.935853,1536.198197
22/03/2011 20:46,-78.889,7.419,101505,-3081.2264,3089.124349,1661.804671
22/03/2011 22:28,-78.926,7.429,101505,-3099.7992,2858.23306,1578.355789
25/03/2011 01:32,-78.647,7.685,101505,-76.304,1391.006535,1326.791119
25/03/2011 06:33,-78.643,7.703,101505,-84.1532,1360.050165,1333.347112
25/03/2011 17:44,-78.62,7.669,101505,-88.188,1318.880628,1300.392128
25/03/2011 19:20,-78.523,7.694,101505,-97.7232,1198.115239,1226.510043
28/03/2011 01:09,-78.58,8.006,101505,-57.76,1515.763285,2436.105811
28/03/2011 02:11,-78.591,8.039,101505,-68.8672,1473.801118,2606.541854
28/03/2011 02:34,-78.58,8.043,101505,-62.536,1527.655345,2550.215534
28/03/2011 03:48,-78.493,8.048,101505,-26.088,1948.292634,2441.362342
28/03/2011 07:47,-78.336,8.015,101505,250.516,NaN,NaN
28/03/2011 20:37,-78.778,8.082,101505,-56.9344,1235.701794,2027.892916
31/03/2011 07:09,-78.622,8.201,101505,-42.1304,1468.772574,2023.162884
31/03/2011 09:29,-78.622,8.173,101505,-42.7968,1431.301832,2078.141397
31/03/2011 13:49,-78.723,8.115,101505,-49.472,1086.12758,2060.811672
31/03/2011 15:23,-78.638,8.197,101505,-45.9912,1370.137251,1978.574546
31/03/2011 18:20,-78.57,8.169,101505,-28.968,1527.007828,2179.538133
31/03/2011 19:28,-78.545,8.181,101505,-35.646,1647.634646,2258.912696
31/03/2011 22:06,-78.505,8.243,101505,-20.984,2339.36457,2330.263937
01/04/2011 07:01,-78.62,8.158,101505,-41.384,1347.453335,2078.092504
01/04/2011 08:14,-78.712,8.203,101505,-83.0176,1076.499676,1795.095296
01/04/2011 15:15,-78.843,8.09,101505,-47.616,1076.580086,1977.341127
01/04/2011 19:54,-78.711,8.231,101505,-100.1284,NaN,NaN
04/04/2011 01:24,-78.7,8.093,101505,-48.84,1168.980806,2204.863068
04/04/2011 06:31,-78.72,8.122,101505,-53.576,1226.33238,2000.825413
04/04/2011 09:33,-78.726,8.125,101505,-52.46,1259.379866,1978.794633
04/04/2011 22:21,-79.219,8.401,101505,-80.02,1322.719671,2219.193794
